step,state,transition,probability,map
1,0,0,0.6233945848796878,0.6361657848225597
2,0,1,0.9769203805877884,0.977549559440938
3,1,0,0.6199936230423915,0.5655222717533037
4,1,-1,0.303466800345467,0.27845926077243577
5,0,0,0.40782888071103685,0.6361657848225597
6,0,0,0.44709555317703753,0.6361657848225597
7,0,1,0.8644035104119032,0.977549559440938
8,1,1,0.7899715132128173,0.787063010980868
9,2,1,0.7601247862166807,0.9386488830765071
10,3,0,0.8757057247082034,0.7843892782771116
11,3,0,0.614570343021734,0.7843892782771116
12,3,-1,0.2393608078599201,0.2867318946346401
13,2,1,0.9415057426338773,0.9386488830765071
14,3,0,0.540155525021943,0.7843892782771116
15,3,0,0.8822574694045562,0.7843892782771116
16,3,0,0.7183739644978009,0.7843892782771116
17,3,-1,0.12819163756952312,0.2867318946346401
18,2,1,0.8055303398690741,0.9386488830765071
19,3,-1,0.2334795635986724,0.2867318946346401
20,2,0,0.35951610806497714,0.4684924734124999
21,2,0,0.5983312445296298,0.4684924734124999
22,2,0,0.3872962426338673,0.4684924734124999
23,2,0,0.4391247895571857,0.4684924734124999
24,2,1,0.9297393770048794,0.9386488830765071
25,3,-1,0.14303740832092315,0.2867318946346401
26,2,0,0.4324397724560054,0.4684924734124999
27,2,-1,0.04288056470494417,0.02984359033599282
28,1,1,0.8934668392339402,0.787063010980868
29,2,-1,0.008005790839326732,0.02984359033599282
30,1,1,0.9331190908636546,0.787063010980868
31,2,0,0.5730353566274733,0.4684924734124999
32,2,-1,0.11577781462126735,0.02984359033599282
33,1,1,0.756039747574518,0.787063010980868
34,2,0,0.29617490997460383,0.4684924734124999
35,2,0,0.6598644492106105,0.4684924734124999
36,2,1,0.9572778709636758,0.9386488830765071
37,3,-1,0.30062401208396716,0.2867318946346401
38,2,1,0.9687715625444264,0.9386488830765071
39,3,0,0.5513827534078375,0.7843892782771116
40,3,-1,0.4015388583214967,0.2867318946346401
41,2,0,0.6116694554094502,0.4684924734124999
42,2,0,0.4562853270692968,0.4684924734124999
43,2,0,0.2815305150251992,0.4684924734124999
44,2,1,0.928662728936432,0.9386488830765071
45,3,-1,0.06346590698061916,0.2867318946346401
46,2,0,0.588071937134206,0.4684924734124999
47,2,-1,0.011127004281583863,0.02984359033599282
48,1,-1,0.2961953503563004,0.27845926077243577
49,0,-1,0.3370703988343513,0.15861622538162168
50,7,-1,0.25890432095200144,0.3067155330597854
51,6,1,0.7525871175600551,0.6517340819109905
52,7,-1,0.4412810007561405,0.3067155330597854
53,6,1,0.9901470252247224,0.6517340819109905
54,7,0,0.5442915444336682,0.7622678420137292
55,7,-1,0.17591536144958964,0.3067155330597854
56,6,1,0.7674423685938327,0.6517340819109905
57,7,1,0.9304715828503431,0.9555523089539438
58,0,-1,0.25087077901130184,0.15861622538162168
59,7,1,0.9580121699168791,0.9555523089539438
60,0,1,0.8363281809746383,0.977549559440938
61,1,1,0.8318160626070912,0.787063010980868
62,2,0,0.30711699449916163,0.4684924734124999
63,2,0,0.6254337255116957,0.4684924734124999
64,2,0,0.554691064507995,0.4684924734124999
65,2,1,0.7927367178431015,0.9386488830765071
66,3,-1,0.10854740733800972,0.2867318946346401
67,2,-1,0.11184850926599932,0.02984359033599282
68,1,-1,0.15728540724116513,0.27845926077243577
69,0,1,0.82478347005341,0.977549559440938
70,1,0,0.6403341467497385,0.5655222717533037
71,1,1,0.9717056237926611,0.787063010980868
72,2,0,0.6785868003230102,0.4684924734124999
73,2,-1,0.050472046581537366,0.02984359033599282
74,1,-1,0.23713392331213545,0.27845926077243577
75,0,-1,0.13698246297143268,0.15861622538162168
76,7,0,0.6438905722813435,0.7622678420137292
77,7,-1,0.4663997387545764,0.3067155330597854
78,6,1,0.4110174430538085,0.6517340819109905
79,7,-1,0.37035531887900897,0.3067155330597854
80,6,1,0.6767385848145888,0.6517340819109905
81,7,0,0.8533746939400333,0.7622678420137292
82,7,0,0.7820512947201184,0.7622678420137292
83,7,0,0.8476060644676471,0.7622678420137292
84,7,-1,0.1761672014978395,0.3067155330597854
85,6,-1,0.066485359202614,0.017659530230212828
86,5,-1,0.20903181543377491,0.3087684843667915
87,4,-1,0.22840372798681052,0.1854823723941773
88,3,0,0.5654701085976126,0.7843892782771116
89,3,0,0.5814368754949355,0.7843892782771116
90,3,0,0.7706402167825526,0.7843892782771116
91,3,0,0.6648811250932551,0.7843892782771116
92,3,0,0.6394667950281718,0.7843892782771116
93,3,-1,0.19844160882400086,0.2867318946346401
94,2,0,0.3880929905490389,0.4684924734124999
95,2,0,0.6761007110067414,0.4684924734124999
96,2,1,0.9132048592588289,0.9386488830765071
97,3,0,0.6350476929826265,0.7843892782771116
98,3,-1,0.3306906781934713,0.2867318946346401
99,2,0,0.6771696396066376,0.4684924734124999
100,2,1,0.7601891966270886,0.9386488830765071
101,3,-1,0.4362846627763166,0.2867318946346401
102,2,-1,0.1217830510441944,0.02984359033599282
103,1,0,0.528368547836475,0.5655222717533037
104,1,0,0.517802884198064,0.5655222717533037
105,1,0,0.4943064481073953,0.5655222717533037
106,1,0,0.6020521680425925,0.5655222717533037
107,1,-1,0.28309514079419196,0.27845926077243577
108,0,1,0.8672930244282475,0.977549559440938
109,1,-1,0.022646704234066783,0.27845926077243577
110,0,-1,0.20546365810156608,0.15861622538162168
111,7,0,0.820865927675986,0.7622678420137292
112,7,-1,0.20069870350471852,0.3067155330597854
113,6,1,0.45765241627813347,0.6517340819109905
114,7,0,0.8321280500184254,0.7622678420137292
115,7,1,0.9694574816944233,0.9555523089539438
116,0,-1,0.24590320609881555,0.15861622538162168
117,7,-1,0.20821340841123526,0.3067155330597854
118,6,0,0.1646093668935802,0.1693936121412033
119,6,1,0.7077942830486426,0.6517340819109905
120,7,-1,0.26724844035023687,0.3067155330597854
121,6,-1,0.09253680545890042,0.017659530230212828
122,5,-1,0.05325019468534764,0.3087684843667915
123,4,-1,0.07429311481208711,0.1854823723941773
124,3,-1,0.24056896111951964,0.2867318946346401
125,2,-1,0.04960817763867631,0.02984359033599282
126,1,0,0.5627412732729398,0.5655222717533037
127,1,0,0.46138288728349264,0.5655222717533037
128,1,0,0.6119869656292527,0.5655222717533037
129,1,-1,0.37084471866426627,0.27845926077243577
130,0,1,0.8962308820580169,0.977549559440938
131,1,-1,0.16913150957762246,0.27845926077243577
132,0,-1,0.17769948013936254,0.15861622538162168
133,7,-1,0.193614977554859,0.3067155330597854
134,6,0,0.12928516242579358,0.1693936121412033
135,6,1,0.5828388959198267,0.6517340819109905
136,7,-1,0.006691860784325154,0.3067155330597854
137,6,0,0.3757283552124606,0.1693936121412033
138,6,0,0.22828232330282172,0.1693936121412033
139,6,0,0.31466047160899735,0.1693936121412033
140,6,0,0.1512221138461889,0.1693936121412033
141,6,1,0.851939884694547,0.6517340819109905
142,7,-1,0.2753430655887241,0.3067155330597854
143,6,1,0.7234523787815557,0.6517340819109905
144,7,-1,0.2992449490991149,0.3067155330597854
145,6,-1,0.08225145947833168,0.017659530230212828
146,5,0,0.8161437765165063,0.7874042703127457
147,5,0,0.8709900851333785,0.7874042703127457
148,5,-1,0.013962125788714808,0.3087684843667915
149,4,-1,0.040466669691303636,0.1854823723941773
150,3,-1,0.2650965046243534,0.2867318946346401
151,2,0,0.4238853178398736,0.4684924734124999
152,2,0,0.5297972843806762,0.4684924734124999
153,2,0,0.2961672696041693,0.4684924734124999
154,2,0,0.35501331413955595,0.4684924734124999
155,2,-1,0.22724418632064336,0.02984359033599282
156,1,1,0.7016023974927226,0.787063010980868
157,2,1,0.7928500061583517,0.9386488830765071
158,3,-1,0.4188776454300043,0.2867318946346401
159,2,0,0.5678450259515038,0.4684924734124999
160,2,-1,0.08519407571522497,0.02984359033599282
161,1,-1,0.3510653862760791,0.27845926077243577
162,0,-1,0.2585252053835465,0.15861622538162168
163,7,0,0.7900310049254395,0.7622678420137292
164,7,-1,0.4209234161859756,0.3067155330597854
165,6,1,0.7392051800789508,0.6517340819109905
166,7,-1,0.136499185874712,0.3067155330597854
167,6,0,0.4014424091178237,0.1693936121412033
168,6,0,0.37702351547048707,0.1693936121412033
169,6,0,0.23121623536176505,0.1693936121412033
170,6,-1,0.010618636432014661,0.017659530230212828
171,5,-1,0.17858137927187223,0.3087684843667915
172,4,1,0.9812698909351403,0.8463931411814867
173,5,-1,0.4715300035235954,0.3087684843667915
174,4,-1,0.3554668643101093,0.1854823723941773
175,3,-1,0.09889268521199313,0.2867318946346401
176,2,0,0.5480416014260241,0.4684924734124999
177,2,-1,0.03505718276160619,0.02984359033599282
178,1,1,0.8122515300396997,0.787063010980868
179,2,-1,0.09477204085449609,0.02984359033599282
180,1,1,0.883098781010611,0.787063010980868
181,2,-1,0.038203592709161516,0.02984359033599282
182,1,1,0.8012071322866723,0.787063010980868
183,2,0,0.48930822834395893,0.4684924734124999
184,2,0,0.26679242061776276,0.4684924734124999
185,2,0,0.25786823627765787,0.4684924734124999
186,2,-1,0.136446989846275,0.02984359033599282
187,1,-1,0.1531099942512426,0.27845926077243577
188,0,0,0.4730791137096182,0.6361657848225597
189,0,0,0.681957121413789,0.6361657848225597
190,0,0,0.46410110206815736,0.6361657848225597
191,0,-1,0.15674660380240502,0.15861622538162168
192,7,-1,0.4403731908355806,0.3067155330597854
193,6,1,0.9690366454158814,0.6517340819109905
194,7,-1,0.1515070606877036,0.3067155330597854
195,6,1,0.5376132175800699,0.6517340819109905
196,7,1,0.885049209216549,0.9555523089539438
197,0,1,0.9878740826575585,0.977549559440938
198,1,-1,0.013909478904693184,0.27845926077243577
199,0,0,0.5297782704408167,0.6361657848225597
200,0,-1,0.3216862677851198,0.15861622538162168
201,7,-1,0.5281284655172918,0.3067155330597854
202,6,0,0.3029091813660314,0.1693936121412033
203,6,0,0.3673756362069356,0.1693936121412033
204,6,1,0.6491555039326913,0.6517340819109905
205,7,-1,0.30854843251263286,0.3067155330597854
206,6,1,0.5357773428070036,0.6517340819109905
207,7,1,0.8919736172519646,0.9555523089539438
208,0,0,0.5720810091931643,0.6361657848225597
209,0,0,0.5296622979468462,0.6361657848225597
210,0,-1,0.09929042906764196,0.15861622538162168
211,7,-1,0.17489377507681003,0.3067155330597854
212,6,1,0.5295846280133145,0.6517340819109905
213,7,-1,0.000706845755883867,0.3067155330597854
214,6,0,0.20088225279580318,0.1693936121412033
215,6,0,0.14628672160918343,0.1693936121412033
216,6,0,0.2326518072658612,0.1693936121412033
217,6,1,0.5437951282427462,0.6517340819109905
218,7,-1,0.3550266532133013,0.3067155330597854
219,6,1,0.8968898886146763,0.6517340819109905
220,7,0,0.7107428170976327,0.7622678420137292
221,7,-1,0.11101653682779045,0.3067155330597854
222,6,1,0.5383862140564257,0.6517340819109905
223,7,-1,0.35805354401310696,0.3067155330597854
224,6,1,0.6046432512877513,0.6517340819109905
225,7,-1,0.022020711593850884,0.3067155330597854
226,6,1,0.6806819360258163,0.6517340819109905
227,7,-1,0.15720712705674988,0.3067155330597854
228,6,1,0.4564811135408364,0.6517340819109905
229,7,0,0.5968815051518557,0.7622678420137292
230,7,1,0.8711874995972673,0.9555523089539438
231,0,-1,0.2248054518763163,0.15861622538162168
232,7,1,0.9210390525575243,0.9555523089539438
233,0,-1,0.34470536733040436,0.15861622538162168
234,7,0,0.7845276508462844,0.7622678420137292
235,7,-1,0.2178373671670777,0.3067155330597854
236,6,1,0.5788626953375369,0.6517340819109905
237,7,-1,0.3950675579429448,0.3067155330597854
238,6,1,0.9688169820267234,0.6517340819109905
239,7,-1,0.07422008290725324,0.3067155330597854
240,6,0,0.17675104592256674,0.1693936121412033
241,6,1,0.7991926207318845,0.6517340819109905
242,7,0,0.8489209379684737,0.7622678420137292
243,7,0,0.7852005636786756,0.7622678420137292
244,7,1,0.9535459117355964,0.9555523089539438
245,0,0,0.6664666421560743,0.6361657848225597
246,0,1,0.8171277716677212,0.977549559440938
247,1,0,0.43022394541729003,0.5655222717533037
248,1,0,0.6577420996273822,0.5655222717533037
249,1,-1,0.07892050315765164,0.27845926077243577
250,0,0,0.42229802455457577,0.6361657848225597
251,0,-1,0.19636257896846865,0.15861622538162168
252,7,-1,0.04705041198459625,0.3067155330597854
253,6,1,0.5802799711064337,0.6517340819109905
254,7,0,0.5510377294560496,0.7622678420137292
255,7,-1,0.4031348577821421,0.3067155330597854
256,6,1,0.9517574435543363,0.6517340819109905
257,7,-1,0.34473411039754454,0.3067155330597854
258,6,1,0.5724049814315815,0.6517340819109905
259,7,-1,0.06796315298186428,0.3067155330597854
260,6,1,0.5711134852958508,0.6517340819109905
261,7,1,0.9656481217665394,0.9555523089539438
262,0,-1,0.12767981278966523,0.15861622538162168
263,7,1,0.9611483567421286,0.9555523089539438
264,0,0,0.48678933778997036,0.6361657848225597
265,0,0,0.7644937543561015,0.6361657848225597
266,0,0,0.48875460336222076,0.6361657848225597
267,0,0,0.7379707459558973,0.6361657848225597
268,0,-1,0.13454577542860635,0.15861622538162168
269,7,-1,0.31718942620795443,0.3067155330597854
270,6,1,0.4668835661425743,0.6517340819109905
271,7,1,0.9303569344160558,0.9555523089539438
272,0,-1,0.27049579108498834,0.15861622538162168
273,7,-1,0.29119922234130136,0.3067155330597854
274,6,0,0.18951395672715887,0.1693936121412033
275,6,0,0.15221157879648062,0.1693936121412033
276,6,0,0.26995944582103903,0.1693936121412033
277,6,0,0.1414307099158254,0.1693936121412033
278,6,0,0.238872192521961,0.1693936121412033
279,6,0,0.22707420752009067,0.1693936121412033
280,6,1,0.895589134703074,0.6517340819109905
281,7,0,0.6411342157113371,0.7622678420137292
282,7,-1,0.4902356278175477,0.3067155330597854
283,6,0,0.4023798353627104,0.1693936121412033
284,6,-1,0.035477570773949196,0.017659530230212828
285,5,0,0.6256564328007723,0.7874042703127457
286,5,0,0.7561460580298014,0.7874042703127457
287,5,0,0.6133036762333597,0.7874042703127457
288,5,0,0.7566074270968499,0.7874042703127457
289,5,0,0.8119562214663969,0.7874042703127457
290,5,0,0.6980395029217568,0.7874042703127457
291,5,1,0.9569526807719417,0.9786357859459542
292,6,1,0.8746255730181998,0.6517340819109905
293,7,1,0.9782499659880559,0.9555523089539438
294,0,1,0.8220209923378334,0.977549559440938
295,1,1,0.6969694739820651,0.787063010980868
296,2,0,0.30755151985618445,0.4684924734124999
297,2,0,0.2964613835705503,0.4684924734124999
298,2,0,0.31182714571888903,0.4684924734124999
299,2,1,0.8965017437960088,0.9386488830765071
300,3,0,0.5706023732623242,0.7843892782771116
301,3,0,0.8836994376037006,0.7843892782771116
302,3,-1,0.2953672484644414,0.2867318946346401
303,2,1,0.7512531639911864,0.9386488830765071
304,3,0,0.6454401685970586,0.7843892782771116
305,3,-1,0.09270567637343352,0.2867318946346401
306,2,1,0.966281660088214,0.9386488830765071
307,3,-1,0.07160091730788376,0.2867318946346401
308,2,1,0.9321585102965646,0.9386488830765071
309,3,-1,0.03448689629195112,0.2867318946346401
310,2,0,0.4873715543989139,0.4684924734124999
311,2,1,0.9489720900332874,0.9386488830765071
312,3,-1,0.16866366211785744,0.2867318946346401
313,2,-1,0.022561586152650026,0.02984359033599282
314,1,1,0.9086254313977107,0.787063010980868
315,2,1,0.9592352340002481,0.9386488830765071
316,3,-1,0.5301938440055067,0.2867318946346401
317,2,0,0.48906042804005745,0.4684924734124999
318,2,0,0.25063257239709835,0.4684924734124999
319,2,1,0.7914187869561737,0.9386488830765071
320,3,-1,0.22007043271081272,0.2867318946346401
321,2,0,0.3295630019257443,0.4684924734124999
322,2,0,0.2575456198861299,0.4684924734124999
323,2,1,0.9599377959452571,0.9386488830765071
324,3,1,0.9619643151651964,0.9976573836424715
325,4,1,0.8891013069097518,0.8463931411814867
326,5,0,0.6301748645488761,0.7874042703127457
327,5,0,0.8557058719443102,0.7874042703127457
328,5,-1,0.3167828188612041,0.3087684843667915
329,4,-1,0.2811359210961666,0.1854823723941773
330,3,-1,0.2571828730516832,0.2867318946346401
331,2,0,0.3872229903255626,0.4684924734124999
332,2,0,0.2684245935177263,0.4684924734124999
333,2,-1,0.17728573055468355,0.02984359033599282
334,1,0,0.5221627492294099,0.5655222717533037
335,1,0,0.6267458396900736,0.5655222717533037
336,1,0,0.6318250551528426,0.5655222717533037
337,1,1,0.710807225348701,0.787063010980868
338,2,1,0.8861064289072338,0.9386488830765071
339,3,0,0.5729309695924545,0.7843892782771116
340,3,-1,0.37129654373624255,0.2867318946346401
341,2,0,0.6038149598271434,0.4684924734124999
342,2,-1,0.060410479411497464,0.02984359033599282
343,1,-1,0.15218469857521577,0.27845926077243577
344,0,-1,0.0042845329135725585,0.15861622538162168
345,7,0,0.6058076297340313,0.7622678420137292
346,7,0,0.7484499093693915,0.7622678420137292
347,7,0,0.6706135251890093,0.7622678420137292
348,7,-1,0.24274804627154078,0.3067155330597854
349,6,1,0.45927619471848935,0.6517340819109905
350,7,-1,0.03229591900392115,0.3067155330597854
351,6,1,0.7319768533587807,0.6517340819109905
352,7,0,0.6798090216213255,0.7622678420137292
353,7,-1,0.2788305636851591,0.3067155330597854
354,6,1,0.8461921516244701,0.6517340819109905
355,7,-1,0.23404037870758776,0.3067155330597854
356,6,0,0.36017493539962797,0.1693936121412033
357,6,1,0.8737620076490651,0.6517340819109905
358,7,0,0.7715910979213789,0.7622678420137292
359,7,-1,0.2435726916852914,0.3067155330597854
360,6,1,0.959511526709431,0.6517340819109905
361,7,0,0.7729040211360121,0.7622678420137292
362,7,1,0.9666990126499564,0.9555523089539438
363,0,-1,0.1593887941468921,0.15861622538162168
364,7,0,0.5947100623835855,0.7622678420137292
365,7,-1,0.0758210651263802,0.3067155330597854
366,6,1,0.7301144360039828,0.6517340819109905
367,7,0,0.5540488510218144,0.7622678420137292
368,7,0,0.8077026115772032,0.7622678420137292
369,7,-1,0.41459299673114525,0.3067155330597854
370,6,0,0.31920365145336094,0.1693936121412033
371,6,1,0.46095114280187865,0.6517340819109905
372,7,-1,0.44567520304065034,0.3067155330597854
373,6,1,0.5348013019655093,0.6517340819109905
374,7,-1,0.527330162178604,0.3067155330597854
375,6,1,0.5609393516284997,0.6517340819109905
376,7,0,0.8201108558708305,0.7622678420137292
377,7,-1,0.4334257989773118,0.3067155330597854
378,6,0,0.19978812631465726,0.1693936121412033
379,6,1,0.4678988993900477,0.6517340819109905
380,7,1,0.8856357509144015,0.9555523089539438
381,0,0,0.7466896957127958,0.6361657848225597
382,0,0,0.5166421461118911,0.6361657848225597
383,0,-1,0.03136282473774066,0.15861622538162168
384,7,-1,0.16593028304525959,0.3067155330597854
385,6,1,0.7320794605542544,0.6517340819109905
386,7,-1,0.3235491598988667,0.3067155330597854
387,6,0,0.3772977818456933,0.1693936121412033
388,6,0,0.10434660232404269,0.1693936121412033
389,6,0,0.3865676297607967,0.1693936121412033
390,6,0,0.2554193495758368,0.1693936121412033
391,6,1,0.46470148439679027,0.6517340819109905
392,7,-1,0.48347167820238623,0.3067155330597854
393,6,0,0.408080443290189,0.1693936121412033
394,6,1,0.7566493527358296,0.6517340819109905
395,7,0,0.7021677285771832,0.7622678420137292
396,7,-1,0.4926071222539681,0.3067155330597854
397,6,0,0.32913845966737676,0.1693936121412033
398,6,1,0.8708247704639493,0.6517340819109905
399,7,-1,0.07493418780772831,0.3067155330597854
400,6,1,0.6109381617940646,0.6517340819109905
401,7,0,0.6810788653221154,0.7622678420137292
402,7,-1,0.08966900021033752,0.3067155330597854
403,6,1,0.5455816734186529,0.6517340819109905
404,7,-1,0.5270246464563573,0.3067155330597854
405,6,0,0.34318059871701334,0.1693936121412033
406,6,1,0.747915993519582,0.6517340819109905
407,7,1,0.9018083959860776,0.9555523089539438
408,0,0,0.4851675379349629,0.6361657848225597
409,0,-1,0.05505487434895362,0.15861622538162168
410,7,-1,0.5184176528666358,0.3067155330597854
411,6,-1,0.06415382791918423,0.017659530230212828
412,5,-1,0.1383550837107339,0.3087684843667915
413,4,-1,0.3348093765162108,0.1854823723941773
414,3,-1,0.3898465198873262,0.2867318946346401
415,2,-1,0.12836142980125187,0.02984359033599282
416,1,1,0.9304546846975172,0.787063010980868
417,2,-1,0.0018249283318541032,0.02984359033599282
418,1,-1,0.15130050538050588,0.27845926077243577
419,0,0,0.419882002048209,0.6361657848225597
420,0,0,0.42103111079134026,0.6361657848225597
421,0,0,0.7239680911838859,0.6361657848225597
422,0,0,0.7425351465723202,0.6361657848225597
423,0,-1,0.13608241181620673,0.15861622538162168
424,7,-1,0.0548803990357265,0.3067155330597854
425,6,1,0.6733983821988263,0.6517340819109905
426,7,-1,0.20871613286035617,0.3067155330597854
427,6,1,0.8143072385512722,0.6517340819109905
428,7,-1,0.39156346612897086,0.3067155330597854
429,6,0,0.3052828383752064,0.1693936121412033
430,6,1,0.839867772890001,0.6517340819109905
431,7,-1,0.48305123728979904,0.3067155330597854
432,6,1,0.6145710009370109,0.6517340819109905
433,7,-1,0.4331956327534823,0.3067155330597854
434,6,1,0.6362585345214666,0.6517340819109905
435,7,-1,0.3632395289613286,0.3067155330597854
436,6,0,0.3969338512971279,0.1693936121412033
437,6,1,0.94746107062383,0.6517340819109905
438,7,0,0.7001858137590429,0.7622678420137292
439,7,0,0.7591479184181296,0.7622678420137292
440,7,1,0.9403408559790523,0.9555523089539438
441,0,0,0.6781317824077533,0.6361657848225597
442,0,0,0.744255428883122,0.6361657848225597
443,0,0,0.7564752998414705,0.6361657848225597
444,0,0,0.5872760548960227,0.6361657848225597
445,0,-1,0.3922225989306476,0.15861622538162168
446,7,-1,0.008386800373749947,0.3067155330597854
447,6,1,0.4488994772748638,0.6517340819109905
448,7,-1,0.5119852959628719,0.3067155330597854
449,6,1,0.8143246500495174,0.6517340819109905
450,7,0,0.785049790927085,0.7622678420137292
451,7,1,0.9508799030586312,0.9555523089539438
452,0,-1,0.37638432758843043,0.15861622538162168
453,7,-1,0.4861448230706653,0.3067155330597854
454,6,1,0.4470457575000102,0.6517340819109905
455,7,0,0.6366990396097028,0.7622678420137292
456,7,-1,0.4921603125188925,0.3067155330597854
457,6,0,0.32746819918818204,0.1693936121412033
458,6,1,0.49881417642453085,0.6517340819109905
459,7,-1,0.004742942632724789,0.3067155330597854
460,6,-1,0.041521108691460196,0.017659530230212828
461,5,1,0.8984738996164334,0.9786357859459542
462,6,1,0.6287028017527996,0.6517340819109905
463,7,-1,0.06799972439781388,0.3067155330597854
464,6,0,0.14221505276723345,0.1693936121412033
465,6,0,0.40635991185212417,0.1693936121412033
466,6,0,0.37467123481729336,0.1693936121412033
467,6,-1,0.04004521406663142,0.017659530230212828
468,5,-1,0.14175653311237335,0.3087684843667915
469,4,0,0.570833037949962,0.531875513575664
470,4,-1,0.037418390856578165,0.1854823723941773
471,3,0,0.6546209816910629,0.7843892782771116
472,3,-1,0.279398823646021,0.2867318946346401
473,2,1,0.8398919626229315,0.9386488830765071
474,3,-1,0.4393080720399951,0.2867318946346401
475,2,1,0.8618624377616053,0.9386488830765071
476,3,-1,0.48663212318579685,0.2867318946346401
477,2,0,0.4420109009369082,0.4684924734124999
478,2,1,0.9213508151281409,0.9386488830765071
479,3,1,0.9807864882916553,0.9976573836424715
480,4,-1,0.1909601361987603,0.1854823723941773
481,3,-1,0.2752715772739407,0.2867318946346401
482,2,0,0.4664899306273287,0.4684924734124999
483,2,1,0.7673831759923997,0.9386488830765071
484,3,-1,0.43505985448516804,0.2867318946346401
485,2,0,0.6534645097999539,0.4684924734124999
486,2,1,0.9591793927845593,0.9386488830765071
487,3,0,0.5657692252609356,0.7843892782771116
488,3,0,0.8060671309672514,0.7843892782771116
489,3,0,0.5454536730375892,0.7843892782771116
490,3,1,0.96881742425178,0.9976573836424715
491,4,-1,0.05055480655879241,0.1854823723941773
492,3,-1,0.08006501929531384,0.2867318946346401
493,2,0,0.6187998380301656,0.4684924734124999
494,2,-1,0.21811143429460023,0.02984359033599282
495,1,0,0.6421325542837817,0.5655222717533037
496,1,-1,0.3102704152965692,0.27845926077243577
497,0,0,0.8011109505955907,0.6361657848225597
498,0,1,0.9076832114902045,0.977549559440938
499,1,1,0.85235873077556,0.787063010980868
500,2,1,0.9007368815338166,0.9386488830765071
501,3,0,0.7866465897979553,0.7843892782771116
502,3,-1,0.13680930719587336,0.2867318946346401
503,2,1,0.8266390235499923,0.9386488830765071
504,3,-1,0.5099842378803952,0.2867318946346401
505,2,0,0.6658127457213967,0.4684924734124999
506,2,1,0.7798689638823351,0.9386488830765071
507,3,-1,0.5262637486872239,0.2867318946346401
508,2,0,0.4352591998548314,0.4684924734124999
509,2,0,0.6636672481007304,0.4684924734124999
510,2,0,0.32029384790771664,0.4684924734124999
511,2,-1,0.04226847001968026,0.02984359033599282
512,1,-1,0.21959344802642988,0.27845926077243577
513,0,0,0.5223420509753653,0.6361657848225597
514,0,-1,0.3075348594857352,0.15861622538162168
515,7,1,0.876313109823107,0.9555523089539438
516,0,1,0.9238413446150882,0.977549559440938
517,1,0,0.5014847852640552,0.5655222717533037
518,1,1,0.8776807503375579,0.787063010980868
519,2,0,0.31504344317134225,0.4684924734124999
520,2,-1,0.031889935275690284,0.02984359033599282
521,1,1,0.9649767993535268,0.787063010980868
522,2,1,0.8456909823786849,0.9386488830765071
523,3,-1,0.42845220367717873,0.2867318946346401
524,2,1,0.9929639347685146,0.9386488830765071
525,3,-1,0.08793797584539509,0.2867318946346401
526,2,1,0.8687276501563903,0.9386488830765071
527,3,1,0.9252392444391668,0.9976573836424715
528,4,-1,0.3441743981948213,0.1854823723941773
529,3,0,0.8830696067562391,0.7843892782771116
530,3,-1,0.044213659915117276,0.2867318946346401
531,2,0,0.5371510822638614,0.4684924734124999
532,2,0,0.5304033498714398,0.4684924734124999
533,2,1,0.8219017763140168,0.9386488830765071
534,3,0,0.8204757850010596,0.7843892782771116
535,3,-1,0.37321653727915893,0.2867318946346401
536,2,0,0.6167801124746468,0.4684924734124999
537,2,1,0.8052999280016504,0.9386488830765071
538,3,-1,0.35978036477973996,0.2867318946346401
539,2,0,0.6235160821779457,0.4684924734124999
540,2,0,0.4989475945859443,0.4684924734124999
541,2,0,0.7000028136665462,0.4684924734124999
542,2,0,0.35099004887675367,0.4684924734124999
543,2,-1,0.13956903356476036,0.02984359033599282
544,1,1,0.856802599963917,0.787063010980868
545,2,-1,0.19448120996101004,0.02984359033599282
546,1,-1,0.07495008909157708,0.27845926077243577
547,0,0,0.5023615085036937,0.6361657848225597
548,0,0,0.5949993085255201,0.6361657848225597
549,0,1,0.8284929561474135,0.977549559440938
550,1,-1,0.37373254193617167,0.27845926077243577
551,0,-1,0.2159335892691987,0.15861622538162168
552,7,-1,0.14380638768902232,0.3067155330597854
553,6,1,0.9848510912186195,0.6517340819109905
554,7,0,0.7991789696893563,0.7622678420137292
555,7,0,0.7091739521362643,0.7622678420137292
556,7,1,0.9651153871754565,0.9555523089539438
557,0,-1,0.3792564386413806,0.15861622538162168
558,7,-1,0.11504593369642313,0.3067155330597854
559,6,0,0.12394943533705804,0.1693936121412033
560,6,1,0.568981829469362,0.6517340819109905
561,7,0,0.8466868554281137,0.7622678420137292
562,7,1,0.9485600548048638,0.9555523089539438
563,0,1,0.8922560626429157,0.977549559440938
564,1,1,0.8376234506755249,0.787063010980868
565,2,0,0.6886451653501058,0.4684924734124999
566,2,0,0.5967445691225022,0.4684924734124999
567,2,1,0.9458390041902178,0.9386488830765071
568,3,-1,0.3500764806442831,0.2867318946346401
569,2,0,0.6379595938102947,0.4684924734124999
570,2,1,0.987363000987658,0.9386488830765071
571,3,0,0.8705915350538489,0.7843892782771116
572,3,1,0.9135595751540087,0.9976573836424715
573,4,1,0.9631956484543582,0.8463931411814867
574,5,0,0.7540006470913583,0.7874042703127457
575,5,0,0.5664304264412701,0.7874042703127457
576,5,0,0.5976907537767833,0.7874042703127457
577,5,-1,0.1404820862069227,0.3087684843667915
578,4,-1,0.26782123299808847,0.1854823723941773
579,3,-1,0.33507894780844594,0.2867318946346401
580,2,0,0.4912889788006123,0.4684924734124999
581,2,0,0.6871992127176918,0.4684924734124999
582,2,-1,0.13833861829906002,0.02984359033599282
583,1,-1,0.04963160531396826,0.27845926077243577
584,0,0,0.6773497790126213,0.6361657848225597
585,0,-1,0.16255868199018808,0.15861622538162168
586,7,0,0.6171359115494772,0.7622678420137292
587,7,0,0.6328339998382748,0.7622678420137292
588,7,-1,0.4881488255617148,0.3067155330597854
589,6,1,0.9969669706386548,0.6517340819109905
590,7,0,0.852272943825753,0.7622678420137292
591,7,0,0.6207994818765343,0.7622678420137292
592,7,-1,0.16608370942416806,0.3067155330597854
593,6,1,0.46250988074285426,0.6517340819109905
594,7,-1,0.23939541863521696,0.3067155330597854
595,6,1,0.736457306350794,0.6517340819109905
596,7,1,0.9781195234015474,0.9555523089539438
597,0,1,0.8132191043538395,0.977549559440938
598,1,-1,0.30168739778632014,0.27845926077243577
599,0,0,0.7902432321102446,0.6361657848225597
600,0,0,0.7901059681133047,0.6361657848225597
601,0,-1,0.10150723383366977,0.15861622538162168
602,7,0,0.6475616955499743,0.7622678420137292
603,7,-1,0.4275675604495879,0.3067155330597854
604,6,0,0.39738410280548453,0.1693936121412033
605,6,1,0.7996283010446545,0.6517340819109905
606,7,-1,0.5263152031176119,0.3067155330597854
607,6,0,0.16856290789810613,0.1693936121412033
608,6,1,0.8303883147716971,0.6517340819109905
609,7,1,0.9074668033302082,0.9555523089539438
610,0,0,0.5445840790140686,0.6361657848225597
611,0,1,0.8160289435685069,0.977549559440938
612,1,0,0.543847849106277,0.5655222717533037
613,1,1,0.9139004176605461,0.787063010980868
614,2,1,0.8435811439478629,0.9386488830765071
615,3,-1,0.20366412615246166,0.2867318946346401
616,2,1,0.7063356436657737,0.9386488830765071
617,3,0,0.7735530283878034,0.7843892782771116
618,3,-1,0.21901775992317374,0.2867318946346401
619,2,0,0.4037737686730176,0.4684924734124999
620,2,1,0.9296578007178562,0.9386488830765071
621,3,-1,0.35005869319493343,0.2867318946346401
622,2,1,0.9503589501702852,0.9386488830765071
623,3,1,0.912712052303114,0.9976573836424715
624,4,-1,0.016617254928668945,0.1854823723941773
625,3,0,0.6105635587801197,0.7843892782771116
626,3,1,0.9443669902301737,0.9976573836424715
627,4,1,0.9400469336866071,0.8463931411814867
628,5,0,0.8537894608091745,0.7874042703127457
629,5,0,0.8479709589596582,0.7874042703127457
630,5,0,0.5881700816367099,0.7874042703127457
631,5,-1,0.3780059144194363,0.3087684843667915
632,4,1,0.8013457119803595,0.8463931411814867
633,5,-1,0.4908648465313159,0.3087684843667915
634,4,-1,0.12216452852553328,0.1854823723941773
635,3,1,0.9883412709245087,0.9976573836424715
636,4,1,0.767657817650522,0.8463931411814867
637,5,-1,0.11606376942413021,0.3087684843667915
638,4,0,0.3887952510643813,0.531875513575664
639,4,-1,0.238450418745078,0.1854823723941773
640,3,-1,0.05308270744029686,0.2867318946346401
641,2,0,0.37726628447905464,0.4684924734124999
642,2,0,0.692682347274423,0.4684924734124999
643,2,1,0.8401655955115597,0.9386488830765071
644,3,-1,0.13536946889273294,0.2867318946346401
645,2,1,0.7577830984643261,0.9386488830765071
646,3,0,0.7137552012562456,0.7843892782771116
647,3,0,0.678243112669159,0.7843892782771116
648,3,0,0.5842544563306147,0.7843892782771116
649,3,0,0.7092966733401072,0.7843892782771116
650,3,1,0.9081495103443049,0.9976573836424715
651,4,1,0.8809858622404001,0.8463931411814867
652,5,-1,0.10250530787970114,0.3087684843667915
653,4,-1,0.1662550826675433,0.1854823723941773
654,3,-1,0.17525870296664992,0.2867318946346401
655,2,-1,0.09939431296405132,0.02984359033599282
656,1,1,0.9403386844917447,0.787063010980868
657,2,0,0.3994602089877062,0.4684924734124999
658,2,1,0.8720508029002063,0.9386488830765071
659,3,-1,0.014216736302644861,0.2867318946346401
660,2,1,0.8594187066726882,0.9386488830765071
661,3,0,0.8611866946541906,0.7843892782771116
662,3,-1,0.31623257246168945,0.2867318946346401
663,2,1,0.712721127646258,0.9386488830765071
664,3,0,0.6120281543100712,0.7843892782771116
665,3,-1,0.38960430973338345,0.2867318946346401
666,2,0,0.5668614708993645,0.4684924734124999
667,2,0,0.5214166996488563,0.4684924734124999
668,2,0,0.6802571706592311,0.4684924734124999
669,2,1,0.8826664853111181,0.9386488830765071
670,3,-1,0.19744132730637443,0.2867318946346401
671,2,1,0.9637137980069386,0.9386488830765071
672,3,0,0.7873179958249155,0.7843892782771116
673,3,-1,0.49048900723743105,0.2867318946346401
674,2,0,0.6379552486994853,0.4684924734124999
675,2,0,0.5451519435940511,0.4684924734124999
676,2,0,0.6337487705812594,0.4684924734124999
677,2,0,0.5126602413338901,0.4684924734124999
678,2,0,0.5960572843526915,0.4684924734124999
679,2,0,0.3864107853719796,0.4684924734124999
680,2,0,0.28219050049297656,0.4684924734124999
681,2,1,0.7123516997758668,0.9386488830765071
682,3,-1,0.5169444498290947,0.2867318946346401
683,2,0,0.49338504851172615,0.4684924734124999
684,2,-1,0.02640247303951715,0.02984359033599282
685,1,0,0.5874421951444506,0.5655222717533037
686,1,-1,0.38659672215880514,0.27845926077243577
687,0,0,0.4248243980913642,0.6361657848225597
688,0,0,0.8013236953852592,0.6361657848225597
689,0,0,0.4128900216528977,0.6361657848225597
690,0,-1,0.15658449248873874,0.15861622538162168
691,7,0,0.7332869423691812,0.7622678420137292
692,7,-1,0.12339633122405513,0.3067155330597854
693,6,1,0.43655955976480465,0.6517340819109905
694,7,-1,0.4888641563251195,0.3067155330597854
695,6,0,0.4013544246516165,0.1693936121412033
696,6,0,0.10917207082940483,0.1693936121412033
697,6,-1,0.06421572000586084,0.017659530230212828
698,5,-1,0.18609615561572035,0.3087684843667915
699,4,1,0.7634920845261055,0.8463931411814867
700,5,-1,0.5399175654572141,0.3087684843667915
701,4,0,0.5228014516120525,0.531875513575664
702,4,-1,0.3171265063242068,0.1854823723941773
703,3,0,0.6580179880918138,0.7843892782771116
704,3,1,0.9954697899888749,0.9976573836424715
705,4,-1,0.1984656743484723,0.1854823723941773
706,3,0,0.6060501358580139,0.7843892782771116
707,3,-1,0.16450543297778375,0.2867318946346401
708,2,1,0.7961073918243251,0.9386488830765071
709,3,-1,0.34719922065441855,0.2867318946346401
710,2,1,0.8569345914854665,0.9386488830765071
711,3,0,0.736508326432229,0.7843892782771116
712,3,0,0.6919726007952218,0.7843892782771116
713,3,1,0.9237742363823169,0.9976573836424715
714,4,1,0.9062111148348746,0.8463931411814867
715,5,-1,0.44933814355173807,0.3087684843667915
716,4,-1,0.05880815959128105,0.1854823723941773
717,3,1,0.9721503958299258,0.9976573836424715
718,4,-1,0.3428243406850491,0.1854823723941773
719,3,-1,0.010541816947197358,0.2867318946346401
720,2,-1,0.08510048478090382,0.02984359033599282
721,1,1,0.82873782814018,0.787063010980868
722,2,1,0.815889828347911,0.9386488830765071
723,3,0,0.6800380845363156,0.7843892782771116
724,3,1,0.98958085500278,0.9976573836424715
725,4,0,0.5943321158206492,0.531875513575664
726,4,1,0.9667305163320661,0.8463931411814867
727,5,1,0.9327955276275777,0.9786357859459542
728,6,0,0.2585150512496903,0.1693936121412033
729,6,1,0.5353267115922657,0.6517340819109905
730,7,0,0.5618453189756532,0.7622678420137292
731,7,1,0.930443061375581,0.9555523089539438
732,0,1,0.8902022699457706,0.977549559440938
733,1,-1,0.1459977832673356,0.27845926077243577
734,0,1,0.9762636721456233,0.977549559440938
735,1,0,0.5562730879647431,0.5655222717533037
736,1,-1,0.3703406448163924,0.27845926077243577
737,0,0,0.5932196006808546,0.6361657848225597
738,0,0,0.5835813118584992,0.6361657848225597
739,0,0,0.6672775855700657,0.6361657848225597
740,0,1,0.8632135858915564,0.977549559440938
741,1,-1,0.3096417787453394,0.27845926077243577
742,0,0,0.44075321298725956,0.6361657848225597
743,0,0,0.5489377314320627,0.6361657848225597
744,0,1,0.9233373851583164,0.977549559440938
745,1,-1,0.33562743322105293,0.27845926077243577
746,0,-1,0.12389820914588445,0.15861622538162168
747,7,-1,0.17065508084968517,0.3067155330597854
748,6,0,0.3800226056985021,0.1693936121412033
749,6,0,0.40294024219767866,0.1693936121412033
750,6,1,0.7916941718290713,0.6517340819109905
751,7,-1,0.5210458273735321,0.3067155330597854
752,6,1,0.5378568411047959,0.6517340819109905
753,7,0,0.6023144534332381,0.7622678420137292
754,7,0,0.7378157852878076,0.7622678420137292
755,7,0,0.5857404754096676,0.7622678420137292
756,7,1,0.9612298461597184,0.9555523089539438
757,0,-1,0.12655122450673306,0.15861622538162168
758,7,0,0.768083599592039,0.7622678420137292
759,7,0,0.6965234079271683,0.7622678420137292
760,7,-1,0.37333312517947426,0.3067155330597854
761,6,0,0.30043396960492297,0.1693936121412033
762,6,0,0.3124903772146761,0.1693936121412033
763,6,1,0.9928653600613835,0.6517340819109905
764,7,0,0.8140465645320047,0.7622678420137292
765,7,-1,0.4147153918974176,0.3067155330597854
766,6,1,0.7606464732447082,0.6517340819109905
767,7,-1,0.5063041193459417,0.3067155330597854
768,6,1,0.7982079077403159,0.6517340819109905
769,7,0,0.6890478920249319,0.7622678420137292
770,7,-1,0.4158393766498387,0.3067155330597854
771,6,1,0.8006069109911109,0.6517340819109905
772,7,1,0.9745755136792522,0.9555523089539438
773,0,-1,0.3542127937578783,0.15861622538162168
774,7,-1,0.10461610676122013,0.3067155330597854
775,6,-1,0.08715718983346066,0.017659530230212828
776,5,-1,0.18981871647707016,0.3087684843667915
777,4,1,0.8851721519341624,0.8463931411814867
778,5,-1,0.22616316595056185,0.3087684843667915
779,4,-1,0.3469281821463899,0.1854823723941773
780,3,0,0.7887129649200135,0.7843892782771116
781,3,1,0.9264185871420783,0.9976573836424715
782,4,-1,0.2592533532924306,0.1854823723941773
783,3,0,0.5812667481995839,0.7843892782771116
784,3,-1,0.143890427363371,0.2867318946346401
785,2,-1,0.02137479930255015,0.02984359033599282
786,1,-1,0.34151366407971584,0.27845926077243577
787,0,-1,0.16871966029720142,0.15861622538162168
788,7,-1,0.001124605574316373,0.3067155330597854
789,6,-1,0.05541420263005992,0.017659530230212828
790,5,-1,0.34740964553020426,0.3087684843667915
791,4,0,0.41312559782250835,0.531875513575664
792,4,1,0.9016407958997716,0.8463931411814867
793,5,-1,0.34151261928030174,0.3087684843667915
794,4,1,0.9318532594060742,0.8463931411814867
795,5,0,0.6916426646208698,0.7874042703127457
796,5,0,0.8605873183702963,0.7874042703127457
797,5,-1,0.12237687380438644,0.3087684843667915
798,4,0,0.5073935524226665,0.531875513575664
799,4,0,0.5338165042019818,0.531875513575664
800,4,0,0.5092431146736287,0.531875513575664
801,4,0,0.3679778991478395,0.531875513575664
802,4,-1,0.0622442706629347,0.1854823723941773
803,3,0,0.7028454241310005,0.7843892782771116
804,3,0,0.7274750715001934,0.7843892782771116
805,3,0,0.5910011080154036,0.7843892782771116
806,3,1,0.9707531395458133,0.9976573836424715
807,4,-1,0.10675402438784287,0.1854823723941773
808,3,0,0.6264339092596662,0.7843892782771116
809,3,0,0.8896142023600997,0.7843892782771116
810,3,0,0.8605677278084252,0.7843892782771116
811,3,-1,0.06221231091889434,0.2867318946346401
812,2,-1,0.14227463568588994,0.02984359033599282
813,1,-1,0.18908234716099015,0.27845926077243577
814,0,0,0.7446350398917025,0.6361657848225597
815,0,0,0.5048083666066709,0.6361657848225597
816,0,0,0.7827411722386481,0.6361657848225597
817,0,0,0.5681755195367182,0.6361657848225597
818,0,-1,0.12898266265422542,0.15861622538162168
819,7,-1,0.4510972446812398,0.3067155330597854
820,6,1,0.5754811580360244,0.6517340819109905
821,7,-1,0.4470970675394079,0.3067155330597854
822,6,1,0.919879107658425,0.6517340819109905
823,7,-1,0.5021772407997249,0.3067155330597854
824,6,-1,0.026731873875852852,0.017659530230212828
825,5,-1,0.030495591917953924,0.3087684843667915
826,4,-1,0.020134484465276214,0.1854823723941773
827,3,1,0.98209790680688,0.9976573836424715
828,4,0,0.5255164727747736,0.531875513575664
829,4,1,0.766636544865714,0.8463931411814867
830,5,-1,0.07505303544990971,0.3087684843667915
831,4,0,0.5260451112079556,0.531875513575664
832,4,0,0.6625762378240188,0.531875513575664
833,4,1,0.7980783928556383,0.8463931411814867
834,5,-1,0.28468413072992504,0.3087684843667915
835,4,1,0.8435326028343244,0.8463931411814867
836,5,1,0.9823438324633551,0.9786357859459542
837,6,1,0.9891683033381591,0.6517340819109905
838,7,-1,0.33955293909883366,0.3067155330597854
839,6,1,0.4405676619933745,0.6517340819109905
840,7,-1,0.34583490623633684,0.3067155330597854
841,6,1,0.49768437132008825,0.6517340819109905
842,7,-1,0.054026115490510174,0.3067155330597854
843,6,0,0.11854400521526043,0.1693936121412033
844,6,0,0.35288881723837595,0.1693936121412033
845,6,1,0.6775949912088324,0.6517340819109905
846,7,-1,0.023205703713027104,0.3067155330597854
847,6,0,0.3210480562160263,0.1693936121412033
848,6,1,0.9952455010394674,0.6517340819109905
849,7,0,0.7802856444804733,0.7622678420137292
850,7,-1,0.48086204373552643,0.3067155330597854
851,6,1,0.5031348518447982,0.6517340819109905
852,7,-1,0.3213100197880423,0.3067155330597854
853,6,1,0.9304427390752323,0.6517340819109905
854,7,-1,0.051965124973281096,0.3067155330597854
855,6,1,0.8380897570156218,0.6517340819109905
856,7,0,0.8120232157849694,0.7622678420137292
857,7,-1,0.04758457045321496,0.3067155330597854
858,6,1,0.4258594940602958,0.6517340819109905
859,7,-1,0.3490408622092833,0.3067155330597854
860,6,1,0.5806554226748855,0.6517340819109905
861,7,-1,0.22099990015391802,0.3067155330597854
862,6,0,0.3355703639551595,0.1693936121412033
863,6,1,0.8242173992647739,0.6517340819109905
864,7,1,0.8994322185738204,0.9555523089539438
865,0,-1,0.3584129721076805,0.15861622538162168
866,7,-1,0.32988918332088657,0.3067155330597854
867,6,0,0.1761890860597426,0.1693936121412033
868,6,1,0.9300658848979086,0.6517340819109905
869,7,-1,0.005464534942227317,0.3067155330597854
870,6,1,0.47102244086825573,0.6517340819109905
871,7,-1,0.3096660246109222,0.3067155330597854
872,6,0,0.15798060263909486,0.1693936121412033
873,6,0,0.1748265812962173,0.1693936121412033
874,6,1,0.5489412764048105,0.6517340819109905
875,7,-1,0.09189015302286796,0.3067155330597854
876,6,0,0.39321226473480975,0.1693936121412033
877,6,1,0.5272724183760726,0.6517340819109905
878,7,-1,0.33247359709833346,0.3067155330597854
879,6,1,0.5731706419596954,0.6517340819109905
880,7,-1,0.1652106833176612,0.3067155330597854
881,6,0,0.28473860532517303,0.1693936121412033
882,6,1,0.6029411196127077,0.6517340819109905
883,7,-1,0.3010707342160368,0.3067155330597854
884,6,0,0.3486986681917208,0.1693936121412033
885,6,0,0.20391358647012336,0.1693936121412033
886,6,1,0.4937966559860607,0.6517340819109905
887,7,-1,0.4784581417758751,0.3067155330597854
888,6,1,0.6327765185446768,0.6517340819109905
889,7,0,0.7780008267986398,0.7622678420137292
890,7,1,0.9632070130981647,0.9555523089539438
891,0,-1,0.31144316356667634,0.15861622538162168
892,7,0,0.7151798274978811,0.7622678420137292
893,7,0,0.7535034110627672,0.7622678420137292
894,7,-1,0.15012562923306105,0.3067155330597854
895,6,1,0.8688711939115901,0.6517340819109905
896,7,-1,0.03874065111826863,0.3067155330597854
897,6,1,0.5409849400043067,0.6517340819109905
898,7,0,0.7385798573023039,0.7622678420137292
899,7,-1,0.09095356225088436,0.3067155330597854
900,6,0,0.18820579867069398,0.1693936121412033
901,6,0,0.16923990980772108,0.1693936121412033
902,6,1,0.41322935277034456,0.6517340819109905
903,7,-1,0.4742345624619311,0.3067155330597854
904,6,1,0.4848063747257667,0.6517340819109905
905,7,-1,0.42450649632440296,0.3067155330597854
906,6,1,0.9706477526694837,0.6517340819109905
907,7,-1,0.3103691823996513,0.3067155330597854
908,6,1,0.8795566608891425,0.6517340819109905
909,7,0,0.5892851533093277,0.7622678420137292
910,7,1,0.9012064145909662,0.9555523089539438
911,0,-1,0.1430984784749878,0.15861622538162168
912,7,-1,0.31318945550598176,0.3067155330597854
913,6,1,0.5235027392692226,0.6517340819109905
914,7,0,0.7126903138842984,0.7622678420137292
915,7,0,0.5971799476039281,0.7622678420137292
916,7,-1,0.42774137220587316,0.3067155330597854
917,6,0,0.3059651504962686,0.1693936121412033
918,6,0,0.319259290492409,0.1693936121412033
919,6,0,0.19907522273556388,0.1693936121412033
920,6,1,0.9718639000522868,0.6517340819109905
921,7,-1,0.44474431666657654,0.3067155330597854
922,6,1,0.5649433824037722,0.6517340819109905
923,7,-1,0.2424796172641781,0.3067155330597854
924,6,0,0.20660051442083782,0.1693936121412033
925,6,1,0.43335923344164784,0.6517340819109905
926,7,1,0.9456226020606193,0.9555523089539438
927,0,-1,0.01719428963518488,0.15861622538162168
928,7,0,0.6275247958383059,0.7622678420137292
929,7,1,0.9590047316012831,0.9555523089539438
930,0,1,0.8869327827612361,0.977549559440938
931,1,-1,0.05773261124560114,0.27845926077243577
932,0,0,0.7929805440643243,0.6361657848225597
933,0,-1,0.009748648049093811,0.15861622538162168
934,7,-1,0.4771806727221477,0.3067155330597854
935,6,1,0.7171348689018933,0.6517340819109905
936,7,0,0.7502575268527278,0.7622678420137292
937,7,0,0.7209145548452767,0.7622678420137292
938,7,-1,0.5228523694512721,0.3067155330597854
939,6,1,0.6272921305790873,0.6517340819109905
940,7,0,0.5737437645453352,0.7622678420137292
941,7,0,0.6073457587237656,0.7622678420137292
942,7,1,0.9364682298855749,0.9555523089539438
943,0,0,0.48102382655956477,0.6361657848225597
944,0,1,0.9063064042347853,0.977549559440938
945,1,-1,0.2573514113538513,0.27845926077243577
946,0,-1,0.1127770823994827,0.15861622538162168
947,7,0,0.7523583587807501,0.7622678420137292
948,7,0,0.6830735669351056,0.7622678420137292
949,7,-1,0.1456797917746384,0.3067155330597854
950,6,0,0.1742761320709969,0.1693936121412033
951,6,1,0.8456194799292247,0.6517340819109905
952,7,0,0.5671773856355085,0.7622678420137292
953,7,-1,0.47007020763565643,0.3067155330597854
954,6,0,0.18128833358102203,0.1693936121412033
955,6,0,0.3576421342167173,0.1693936121412033
956,6,-1,0.01987623928739146,0.017659530230212828
957,5,1,0.9934507294787138,0.9786357859459542
958,6,-1,0.06097431911396467,0.017659530230212828
959,5,1,0.9405050890624007,0.9786357859459542
960,6,0,0.1548396209447298,0.1693936121412033
961,6,1,0.7697928952652049,0.6517340819109905
962,7,-1,0.1440409406041634,0.3067155330597854
963,6,1,0.8806401888731712,0.6517340819109905
964,7,0,0.5928791618923415,0.7622678420137292
965,7,-1,0.41246747704962794,0.3067155330597854
966,6,1,0.9121173047675959,0.6517340819109905
967,7,0,0.7629708419602677,0.7622678420137292
968,7,-1,0.0009899110113227305,0.3067155330597854
969,6,1,0.6689011143539396,0.6517340819109905
970,7,0,0.5656716459191036,0.7622678420137292
971,7,-1,0.2978795762380466,0.3067155330597854
972,6,1,0.9848620938501162,0.6517340819109905
973,7,-1,0.18580602525709766,0.3067155330597854
974,6,1,0.8878079446476179,0.6517340819109905
975,7,-1,0.07724083818893468,0.3067155330597854
976,6,1,0.9233427437444472,0.6517340819109905
977,7,0,0.6914717836571513,0.7622678420137292
978,7,-1,0.500651338612035,0.3067155330597854
979,6,0,0.2080899316576439,0.1693936121412033
980,6,-1,0.0804538984286145,0.017659530230212828
981,5,0,0.8508397161436485,0.7874042703127457
982,5,-1,0.22887193592530286,0.3087684843667915
983,4,1,0.8415496964178941,0.8463931411814867
984,5,-1,0.39295583822342484,0.3087684843667915
985,4,-1,0.2245018009723616,0.1854823723941773
986,3,1,0.9197206736960519,0.9976573836424715
987,4,-1,0.28543150217188185,0.1854823723941773
988,3,1,0.9008860454424994,0.9976573836424715
989,4,0,0.5796558604157716,0.531875513575664
990,4,1,0.932599767135351,0.8463931411814867
991,5,-1,0.17461575403699414,0.3087684843667915
992,4,0,0.41397025106045415,0.531875513575664
993,4,1,0.8941493635159186,0.8463931411814867
994,5,0,0.7415070299355169,0.7874042703127457
995,5,0,0.8811643521057946,0.7874042703127457
996,5,0,0.6613080148205872,0.7874042703127457
997,5,-1,0.11766530682120502,0.3087684843667915
998,4,1,0.7547494489783837,0.8463931411814867
999,5,0,0.6619292760829609,0.7874042703127457
1000,5,0,0.6481568292503297,0.7874042703127457
1001,5,0,0.8371730176247829,0.7874042703127457
1002,5,1,0.8855484786065579,0.9786357859459542
1003,6,0,0.3222664129565078,0.1693936121412033
1004,6,1,0.7864941775641852,0.6517340819109905
1005,7,0,0.6902758337823514,0.7622678420137292
1006,7,-1,0.5027435103663296,0.3067155330597854
1007,6,1,0.6976042518802656,0.6517340819109905
1008,7,1,0.8854272573759063,0.9555523089539438
1009,0,-1,0.15693744926146325,0.15861622538162168
1010,7,-1,0.1195924295645121,0.3067155330597854
1011,6,1,0.49090650293698523,0.6517340819109905
1012,7,-1,0.4751713202863159,0.3067155330597854
1013,6,1,0.7351078446902453,0.6517340819109905
1014,7,1,0.9634880168687874,0.9555523089539438
1015,0,0,0.7005760828842378,0.6361657848225597
1016,0,1,0.8232716606868511,0.977549559440938
1017,1,-1,0.1477600231796583,0.27845926077243577
1018,0,0,0.7905707633275789,0.6361657848225597
1019,0,-1,0.22205472771198131,0.15861622538162168
1020,7,0,0.7556817304343515,0.7622678420137292
1021,7,-1,0.396597095165401,0.3067155330597854
1022,6,0,0.2866508215643586,0.1693936121412033
1023,6,1,0.46294061480708426,0.6517340819109905
1024,7,0,0.3611941468827953,0.0
