event,consumer,producer,operation,duration,start,stop,delta,time,record
297,3,1,1,5,1,5,0,1,1
297,3,1,-1,5,1,5,0,5,2
307,4,1,1,101,6,106,0,6,3
307,4,1,-1,101,6,106,0,106,4
313,2,1,1,11,107,117,0,107,5
313,2,1,-1,11,107,117,0,117,6
329,4,1,1,45,118,162,0,118,7
329,4,1,-1,45,118,162,0,162,8
446,2,1,1,8,163,170,0,163,9
446,2,1,-1,8,163,170,0,170,10
509,4,1,1,73,171,243,0,171,11
509,4,1,-1,73,171,243,0,243,12
798,3,1,1,65,244,308,0,244,13
798,3,1,-1,65,244,308,0,308,14
822,4,1,1,66,309,374,0,309,15
822,4,1,-1,66,309,374,0,374,16
825,4,1,1,102,375,476,0,375,17
825,4,1,-1,102,375,476,0,476,18
886,3,1,1,112,477,588,0,477,19
886,3,1,-1,112,477,588,0,588,20
893,2,1,1,109,589,697,0,589,21
893,2,1,-1,109,589,697,0,697,22
917,4,1,1,160,698,857,0,698,23
917,4,1,-1,160,698,857,0,857,24
994,2,1,1,25,858,882,0,858,25
994,2,1,-1,25,858,882,0,882,26
58,3,2,1,3,1,3,882,1,27
58,3,2,-1,3,1,3,882,3,28
79,4,2,1,14,4,17,882,4,29
79,4,2,-1,14,4,17,882,17,30
89,4,2,1,86,18,103,882,18,31
89,4,2,-1,86,18,103,882,103,32
193,4,2,1,46,104,149,882,104,33
193,4,2,-1,46,104,149,882,149,34
203,4,2,1,30,150,179,882,150,35
203,4,2,-1,30,150,179,882,179,36
548,4,2,1,141,180,320,882,180,37
548,4,2,-1,141,180,320,882,320,38
560,2,2,1,10,321,330,882,321,39
560,2,2,-1,10,321,330,882,330,40
593,4,2,1,78,331,408,882,331,41
593,4,2,-1,78,331,408,882,408,42
597,4,2,1,76,409,484,882,409,43
597,4,2,-1,76,409,484,882,484,44
671,3,2,1,47,485,531,882,485,45
671,3,2,-1,47,485,531,882,531,46
746,2,2,1,22,532,553,882,532,47
746,2,2,-1,22,532,553,882,553,48
858,4,2,1,91,554,644,882,554,49
858,4,2,-1,91,554,644,882,644,50
906,3,2,1,47,645,691,882,645,51
906,3,2,-1,47,645,691,882,691,52
922,3,2,1,41,692,732,882,692,53
922,3,2,-1,41,692,732,882,732,54
982,4,2,1,122,733,854,882,733,55
982,4,2,-1,122,733,854,882,854,56
996,4,2,1,166,855,1020,882,855,57
996,4,2,-1,166,855,1020,882,1020,58
64,4,3,1,30,1,30,1902,1,59
64,4,3,-1,30,1,30,1902,30,60
188,4,3,1,4,31,34,1902,31,61
188,4,3,-1,4,31,34,1902,34,62
198,4,3,1,7,35,41,1902,35,63
198,4,3,-1,7,35,41,1902,41,64
235,3,3,1,7,42,48,1902,42,65
235,3,3,-1,7,42,48,1902,48,66
334,3,3,1,11,49,59,1902,49,67
334,3,3,-1,11,49,59,1902,59,68
337,4,3,1,75,60,134,1902,60,69
337,4,3,-1,75,60,134,1902,134,70
343,4,3,1,175,135,309,1902,135,71
343,4,3,-1,175,135,309,1902,309,72
354,4,3,1,28,310,337,1902,310,73
354,4,3,-1,28,310,337,1902,337,74
386,2,3,1,23,338,360,1902,338,75
386,2,3,-1,23,338,360,1902,360,76
430,4,3,1,32,361,392,1902,361,77
430,4,3,-1,32,361,392,1902,392,78
437,3,3,1,21,393,413,1902,393,79
437,3,3,-1,21,393,413,1902,413,80
532,4,3,1,69,414,482,1902,414,81
532,4,3,-1,69,414,482,1902,482,82
612,3,3,1,98,483,580,1902,483,83
612,3,3,-1,98,483,580,1902,580,84
620,2,3,1,28,581,608,1902,581,85
620,2,3,-1,28,581,608,1902,608,86
691,3,3,1,47,609,655,1902,609,87
691,3,3,-1,47,609,655,1902,655,88
717,4,3,1,86,656,741,1902,656,89
717,4,3,-1,86,656,741,1902,741,90
719,4,3,1,208,742,949,1902,742,91
719,4,3,-1,208,742,949,1902,949,92
735,2,3,1,30,950,979,1902,950,93
735,2,3,-1,30,950,979,1902,979,94
747,3,3,1,39,980,1018,1902,980,95
747,3,3,-1,39,980,1018,1902,1018,96
773,4,3,1,241,1019,1259,1902,1019,97
773,4,3,-1,241,1019,1259,1902,1259,98
852,4,3,1,68,1260,1327,1902,1260,99
852,4,3,-1,68,1260,1327,1902,1327,100
853,2,3,1,70,1328,1397,1902,1328,101
853,2,3,-1,70,1328,1397,1902,1397,102
965,4,3,1,131,1398,1528,1902,1398,103
965,4,3,-1,131,1398,1528,1902,1528,104
969,4,3,1,129,1529,1657,1902,1529,105
969,4,3,-1,129,1529,1657,1902,1657,106
990,4,3,1,178,1658,1835,1902,1658,107
990,4,3,-1,178,1658,1835,1902,1835,108
68,3,4,1,65,1,65,3737,1,109
68,3,4,-1,65,1,65,3737,65,110
104,3,4,1,17,66,82,3737,66,111
104,3,4,-1,17,66,82,3737,82,112
114,3,4,1,21,83,103,3737,83,113
114,3,4,-1,21,83,103,3737,103,114
154,4,4,1,59,104,162,3737,104,115
154,4,4,-1,59,104,162,3737,162,116
157,4,4,1,40,163,202,3737,163,117
157,4,4,-1,40,163,202,3737,202,118
168,4,4,1,6,203,208,3737,203,119
168,4,4,-1,6,203,208,3737,208,120
204,4,4,1,32,209,240,3737,209,121
204,4,4,-1,32,209,240,3737,240,122
237,2,4,1,1,241,241,3737,241,123
237,2,4,-1,1,241,241,3737,241,124
246,4,4,1,12,242,253,3737,242,125
246,4,4,-1,12,242,253,3737,253,126
277,4,4,1,41,254,294,3737,254,127
277,4,4,-1,41,254,294,3737,294,128
368,4,4,1,94,295,388,3737,295,129
368,4,4,-1,94,295,388,3737,388,130
453,4,4,1,89,389,477,3737,389,131
453,4,4,-1,89,389,477,3737,477,132
482,4,4,1,135,478,612,3737,478,133
482,4,4,-1,135,478,612,3737,612,134
603,4,4,1,84,613,696,3737,613,135
603,4,4,-1,84,613,696,3737,696,136
830,4,4,1,337,697,1033,3737,697,137
830,4,4,-1,337,697,1033,3737,1033,138
849,4,4,1,95,1034,1128,3737,1034,139
849,4,4,-1,95,1034,1128,3737,1128,140
857,4,4,1,168,1129,1296,3737,1129,141
857,4,4,-1,168,1129,1296,3737,1296,142
868,3,4,1,109,1297,1405,3737,1297,143
868,3,4,-1,109,1297,1405,3737,1405,144
1014,2,4,1,24,1406,1429,3737,1406,145
1014,2,4,-1,24,1406,1429,3737,1429,146
1022,3,4,1,74,1430,1503,3737,1430,147
1022,3,4,-1,74,1430,1503,3737,1503,148
124,3,5,1,2,1,2,5240,1,149
124,3,5,-1,2,1,2,5240,2,150
194,4,5,1,10,3,12,5240,3,151
194,4,5,-1,10,3,12,5240,12,152
220,4,5,1,81,13,93,5240,13,153
220,4,5,-1,81,13,93,5240,93,154
474,4,5,1,75,94,168,5240,94,155
474,4,5,-1,75,94,168,5240,168,156
583,4,5,1,122,169,290,5240,169,157
583,4,5,-1,122,169,290,5240,290,158
604,3,5,1,45,291,335,5240,291,159
604,3,5,-1,45,291,335,5240,335,160
641,4,5,1,43,336,378,5240,336,161
641,4,5,-1,43,336,378,5240,378,162
652,3,5,1,53,379,431,5240,379,163
652,3,5,-1,53,379,431,5240,431,164
745,2,5,1,46,432,477,5240,432,165
745,2,5,-1,46,432,477,5240,477,166
950,4,5,1,144,478,621,5240,478,167
950,4,5,-1,144,478,621,5240,621,168
973,4,5,1,120,622,741,5240,622,169
973,4,5,-1,120,622,741,5240,741,170
992,4,5,1,152,742,893,5240,742,171
992,4,5,-1,152,742,893,5240,893,172
997,4,5,1,92,894,985,5240,894,173
997,4,5,-1,92,894,985,5240,985,174
1004,4,5,1,61,986,1046,5240,986,175
1004,4,5,-1,61,986,1046,5240,1046,176
77,4,6,1,19,1,19,6286,1,177
77,4,6,-1,19,1,19,6286,19,178
112,4,6,1,18,20,37,6286,20,179
112,4,6,-1,18,20,37,6286,37,180
190,4,6,1,77,38,114,6286,38,181
190,4,6,-1,77,38,114,6286,114,182
293,4,6,1,55,115,169,6286,115,183
293,4,6,-1,55,115,169,6286,169,184
322,4,6,1,31,170,200,6286,170,185
322,4,6,-1,31,170,200,6286,200,186
610,4,6,1,74,201,274,6286,201,187
610,4,6,-1,74,201,274,6286,274,188
739,2,6,1,33,275,307,6286,275,189
739,2,6,-1,33,275,307,6286,307,190
851,4,6,1,20,308,327,6286,308,191
851,4,6,-1,20,308,327,6286,327,192
943,4,6,1,134,328,461,6286,328,193
943,4,6,-1,134,328,461,6286,461,194
123,2,7,1,6,1,6,6747,1,195
123,2,7,-1,6,1,6,6747,6,196
316,2,7,1,21,7,27,6747,7,197
316,2,7,-1,21,7,27,6747,27,198
318,4,7,1,218,28,245,6747,28,199
318,4,7,-1,218,28,245,6747,245,200
470,4,7,1,76,246,321,6747,246,201
470,4,7,-1,76,246,321,6747,321,202
774,4,7,1,102,322,423,6747,322,203
774,4,7,-1,102,322,423,6747,423,204
823,2,7,1,30,424,453,6747,424,205
823,2,7,-1,30,424,453,6747,453,206
949,3,7,1,92,454,545,6747,454,207
949,3,7,-1,92,454,545,6747,545,208
38,3,8,1,2,1,2,7292,1,209
38,3,8,-1,2,1,2,7292,2,210
49,4,8,1,5,3,7,7292,3,211
49,4,8,-1,5,3,7,7292,7,212
143,4,8,1,1,8,8,7292,8,213
143,4,8,-1,1,8,8,7292,8,214
207,4,8,1,1,9,9,7292,9,215
207,4,8,-1,1,9,9,7292,9,216
281,4,8,1,44,10,53,7292,10,217
281,4,8,-1,44,10,53,7292,53,218
311,4,8,1,25,54,78,7292,54,219
311,4,8,-1,25,54,78,7292,78,220
355,4,8,1,35,79,113,7292,79,221
355,4,8,-1,35,79,113,7292,113,222
417,3,8,1,23,114,136,7292,114,223
417,3,8,-1,23,114,136,7292,136,224
475,4,8,1,84,137,220,7292,137,225
475,4,8,-1,84,137,220,7292,220,226
522,3,8,1,59,221,279,7292,221,227
522,3,8,-1,59,221,279,7292,279,228
545,4,8,1,215,280,494,7292,280,229
545,4,8,-1,215,280,494,7292,494,230
942,3,8,1,36,495,530,7292,495,231
942,3,8,-1,36,495,530,7292,530,232
69,3,9,1,52,1,52,7822,1,233
69,3,9,-1,52,1,52,7822,52,234
111,4,9,1,118,53,170,7822,53,235
111,4,9,-1,118,53,170,7822,170,236
115,3,9,1,1,171,171,7822,171,237
115,3,9,-1,1,171,171,7822,171,238
126,2,9,1,3,172,174,7822,172,239
126,2,9,-1,3,172,174,7822,174,240
131,2,9,1,2,175,176,7822,175,241
131,2,9,-1,2,175,176,7822,176,242
208,3,9,1,9,177,185,7822,177,243
208,3,9,-1,9,177,185,7822,185,244
285,3,9,1,106,186,291,7822,186,245
285,3,9,-1,106,186,291,7822,291,246
289,3,9,1,31,292,322,7822,292,247
289,3,9,-1,31,292,322,7822,322,248
306,4,9,1,12,323,334,7822,323,249
306,4,9,-1,12,323,334,7822,334,250
308,3,9,1,17,335,351,7822,335,251
308,3,9,-1,17,335,351,7822,351,252
346,3,9,1,31,352,382,7822,352,253
346,3,9,-1,31,352,382,7822,382,254
384,4,9,1,27,383,409,7822,383,255
384,4,9,-1,27,383,409,7822,409,256
512,2,9,1,9,410,418,7822,410,257
512,2,9,-1,9,410,418,7822,418,258
569,4,9,1,86,419,504,7822,419,259
569,4,9,-1,86,419,504,7822,504,260
669,3,9,1,18,505,522,7822,505,261
669,3,9,-1,18,505,522,7822,522,262
678,4,9,1,128,523,650,7822,523,263
678,4,9,-1,128,523,650,7822,650,264
714,2,9,1,7,651,657,7822,651,265
714,2,9,-1,7,651,657,7822,657,266
902,3,9,1,83,658,740,7822,658,267
902,3,9,-1,83,658,740,7822,740,268
925,2,9,1,21,741,761,7822,741,269
925,2,9,-1,21,741,761,7822,761,270
978,3,9,1,156,762,917,7822,762,271
978,3,9,-1,156,762,917,7822,917,272
1002,4,9,1,231,918,1148,7822,918,273
1002,4,9,-1,231,918,1148,7822,1148,274
125,4,10,1,24,1,24,8970,1,275
125,4,10,-1,24,1,24,8970,24,276
158,2,10,1,13,25,37,8970,25,277
158,2,10,-1,13,25,37,8970,37,278
179,4,10,1,3,38,40,8970,38,279
179,4,10,-1,3,38,40,8970,40,280
200,4,10,1,21,41,61,8970,41,281
200,4,10,-1,21,41,61,8970,61,282
319,3,10,1,15,62,76,8970,62,283
319,3,10,-1,15,62,76,8970,76,284
321,4,10,1,54,77,130,8970,77,285
321,4,10,-1,54,77,130,8970,130,286
372,2,10,1,13,131,143,8970,131,287
372,2,10,-1,13,131,143,8970,143,288
465,4,10,1,46,144,189,8970,144,289
465,4,10,-1,46,144,189,8970,189,290
488,4,10,1,89,190,278,8970,190,291
488,4,10,-1,89,190,278,8970,278,292
647,4,10,1,45,279,323,8970,279,293
647,4,10,-1,45,279,323,8970,323,294
651,4,10,1,52,324,375,8970,324,295
651,4,10,-1,52,324,375,8970,375,296
720,4,10,1,9,376,384,8970,376,297
720,4,10,-1,9,376,384,8970,384,298
751,4,10,1,162,385,546,8970,385,299
751,4,10,-1,162,385,546,8970,546,300
788,2,10,1,23,547,569,8970,547,301
788,2,10,-1,23,547,569,8970,569,302
810,4,10,1,25,570,594,8970,570,303
810,4,10,-1,25,570,594,8970,594,304
824,2,10,1,46,595,640,8970,595,305
824,2,10,-1,46,595,640,8970,640,306
840,3,10,1,65,641,705,8970,641,307
840,3,10,-1,65,641,705,8970,705,308
877,4,10,1,112,706,817,8970,706,309
877,4,10,-1,112,706,817,8970,817,310
885,3,10,1,54,818,871,8970,818,311
885,3,10,-1,54,818,871,8970,871,312
961,4,10,1,187,872,1058,8970,872,313
961,4,10,-1,187,872,1058,8970,1058,314
985,4,10,1,199,1059,1257,8970,1059,315
985,4,10,-1,199,1059,1257,8970,1257,316
999,4,10,1,50,1258,1307,8970,1258,317
999,4,10,-1,50,1258,1307,8970,1307,318
1000,2,10,1,34,1308,1341,8970,1308,319
1000,2,10,-1,34,1308,1341,8970,1341,320
191,4,11,1,7,1,7,10311,1,321
191,4,11,-1,7,1,7,10311,7,322
217,4,11,1,59,8,66,10311,8,323
217,4,11,-1,59,8,66,10311,66,324
244,4,11,1,57,67,123,10311,67,325
244,4,11,-1,57,67,123,10311,123,326
257,4,11,1,37,124,160,10311,124,327
257,4,11,-1,37,124,160,10311,160,328
295,4,11,1,10,161,170,10311,161,329
295,4,11,-1,10,161,170,10311,170,330
471,2,11,1,7,171,177,10311,171,331
471,2,11,-1,7,171,177,10311,177,332
472,3,11,1,90,178,267,10311,178,333
472,3,11,-1,90,178,267,10311,267,334
551,2,11,1,8,268,275,10311,268,335
551,2,11,-1,8,268,275,10311,275,336
579,4,11,1,10,276,285,10311,276,337
579,4,11,-1,10,276,285,10311,285,338
644,3,11,1,10,286,295,10311,286,339
644,3,11,-1,10,286,295,10311,295,340
661,3,11,1,35,296,330,10311,296,341
661,3,11,-1,35,296,330,10311,330,342
668,3,11,1,35,331,365,10311,331,343
668,3,11,-1,35,331,365,10311,365,344
710,4,11,1,39,366,404,10311,366,345
710,4,11,-1,39,366,404,10311,404,346
787,4,11,1,97,405,501,10311,405,347
787,4,11,-1,97,405,501,10311,501,348
841,2,11,1,19,502,520,10311,502,349
841,2,11,-1,19,502,520,10311,520,350
876,4,11,1,131,521,651,10311,521,351
876,4,11,-1,131,521,651,10311,651,352
895,2,11,1,23,652,674,10311,652,353
895,2,11,-1,23,652,674,10311,674,354
1007,2,11,1,45,675,719,10311,675,355
1007,2,11,-1,45,675,719,10311,719,356
138,4,12,1,12,1,12,11030,1,357
138,4,12,-1,12,1,12,11030,12,358
248,3,12,1,13,13,25,11030,13,359
248,3,12,-1,13,13,25,11030,25,360
290,3,12,1,25,26,50,11030,26,361
290,3,12,-1,25,26,50,11030,50,362
533,4,12,1,85,51,135,11030,51,363
533,4,12,-1,85,51,135,11030,135,364
642,3,12,1,70,136,205,11030,136,365
642,3,12,-1,70,136,205,11030,205,366
670,3,12,1,76,206,281,11030,206,367
670,3,12,-1,76,206,281,11030,281,368
685,3,12,1,27,282,308,11030,282,369
685,3,12,-1,27,282,308,11030,308,370
864,3,12,1,57,309,365,11030,309,371
864,3,12,-1,57,309,365,11030,365,372
99,4,13,1,20,1,20,11395,1,373
99,4,13,-1,20,1,20,11395,20,374
227,3,13,1,16,21,36,11395,21,375
227,3,13,-1,16,21,36,11395,36,376
302,4,13,1,108,37,144,11395,37,377
302,4,13,-1,108,37,144,11395,144,378
352,3,13,1,31,145,175,11395,145,379
352,3,13,-1,31,145,175,11395,175,380
409,3,13,1,22,176,197,11395,176,381
409,3,13,-1,22,176,197,11395,197,382
502,4,13,1,117,198,314,11395,198,383
502,4,13,-1,117,198,314,11395,314,384
628,4,13,1,46,315,360,11395,315,385
628,4,13,-1,46,315,360,11395,360,386
757,3,13,1,37,361,397,11395,361,387
757,3,13,-1,37,361,397,11395,397,388
859,4,13,1,165,398,562,11395,398,389
859,4,13,-1,165,398,562,11395,562,390
1016,4,13,1,228,563,790,11395,563,391
1016,4,13,-1,228,563,790,11395,790,392
2,3,14,1,25,1,25,12185,1,393
2,3,14,-1,25,1,25,12185,25,394
100,2,14,1,16,26,41,12185,26,395
100,2,14,-1,16,26,41,12185,41,396
226,4,14,1,71,42,112,12185,42,397
226,4,14,-1,71,42,112,12185,112,398
495,4,14,1,125,113,237,12185,113,399
495,4,14,-1,125,113,237,12185,237,400
518,4,14,1,83,238,320,12185,238,401
518,4,14,-1,83,238,320,12185,320,402
577,4,14,1,371,321,691,12185,321,403
577,4,14,-1,371,321,691,12185,691,404
608,3,14,1,47,692,738,12185,692,405
608,3,14,-1,47,692,738,12185,738,406
614,3,14,1,16,739,754,12185,739,407
614,3,14,-1,16,739,754,12185,754,408
677,2,14,1,12,755,766,12185,755,409
677,2,14,-1,12,755,766,12185,766,410
723,3,14,1,37,767,803,12185,767,411
723,3,14,-1,37,767,803,12185,803,412
761,4,14,1,35,804,838,12185,804,413
761,4,14,-1,35,804,838,12185,838,414
836,4,14,1,28,839,866,12185,839,415
836,4,14,-1,28,839,866,12185,866,416
907,4,14,1,148,867,1014,12185,867,417
907,4,14,-1,148,867,1014,12185,1014,418
1005,3,14,1,118,1015,1132,12185,1015,419
1005,3,14,-1,118,1015,1132,12185,1132,420
47,4,15,1,3,1,3,13317,1,421
47,4,15,-1,3,1,3,13317,3,422
85,4,15,1,2,4,5,13317,4,423
85,4,15,-1,2,4,5,13317,5,424
92,4,15,1,25,6,30,13317,6,425
92,4,15,-1,25,6,30,13317,30,426
234,4,15,1,10,31,40,13317,31,427
234,4,15,-1,10,31,40,13317,40,428
283,2,15,1,2,41,42,13317,41,429
283,2,15,-1,2,41,42,13317,42,430
341,4,15,1,25,43,67,13317,43,431
341,4,15,-1,25,43,67,13317,67,432
413,4,15,1,65,68,132,13317,68,433
413,4,15,-1,65,68,132,13317,132,434
419,4,15,1,41,133,173,13317,133,435
419,4,15,-1,41,133,173,13317,173,436
487,3,15,1,41,174,214,13317,174,437
487,3,15,-1,41,174,214,13317,214,438
525,3,15,1,66,215,280,13317,215,439
525,3,15,-1,66,215,280,13317,280,440
549,4,15,1,59,281,339,13317,281,441
549,4,15,-1,59,281,339,13317,339,442
613,4,15,1,127,340,466,13317,340,443
613,4,15,-1,127,340,466,13317,466,444
722,4,15,1,41,467,507,13317,467,445
722,4,15,-1,41,467,507,13317,507,446
818,4,15,1,33,508,540,13317,508,447
818,4,15,-1,33,508,540,13317,540,448
819,3,15,1,53,541,593,13317,541,449
819,3,15,-1,53,541,593,13317,593,450
884,4,15,1,64,594,657,13317,594,451
884,4,15,-1,64,594,657,13317,657,452
931,4,15,1,138,658,795,13317,658,453
931,4,15,-1,138,658,795,13317,795,454
962,4,15,1,63,796,858,13317,796,455
962,4,15,-1,63,796,858,13317,858,456
967,3,15,1,134,859,992,13317,859,457
967,3,15,-1,134,859,992,13317,992,458
34,2,16,1,16,1,16,14309,1,459
34,2,16,-1,16,1,16,14309,16,460
52,4,16,1,36,17,52,14309,17,461
52,4,16,-1,36,17,52,14309,52,462
65,4,16,1,9,53,61,14309,53,463
65,4,16,-1,9,53,61,14309,61,464
82,4,16,1,38,62,99,14309,62,465
82,4,16,-1,38,62,99,14309,99,466
160,2,16,1,1,100,100,14309,100,467
160,2,16,-1,1,100,100,14309,100,468
239,2,16,1,16,101,116,14309,101,469
239,2,16,-1,16,101,116,14309,116,470
266,4,16,1,27,117,143,14309,117,471
266,4,16,-1,27,117,143,14309,143,472
304,4,16,1,337,144,480,14309,144,473
304,4,16,-1,337,144,480,14309,480,474
315,2,16,1,33,481,513,14309,481,475
315,2,16,-1,33,481,513,14309,513,476
466,4,16,1,32,514,545,14309,514,477
466,4,16,-1,32,514,545,14309,545,478
590,4,16,1,112,546,657,14309,546,479
590,4,16,-1,112,546,657,14309,657,480
621,4,16,1,57,658,714,14309,658,481
621,4,16,-1,57,658,714,14309,714,482
629,4,16,1,70,715,784,14309,715,483
629,4,16,-1,70,715,784,14309,784,484
672,4,16,1,70,785,854,14309,785,485
672,4,16,-1,70,785,854,14309,854,486
763,3,16,1,25,855,879,14309,855,487
763,3,16,-1,25,855,879,14309,879,488
799,2,16,1,35,880,914,14309,880,489
799,2,16,-1,35,880,914,14309,914,490
807,4,16,1,119,915,1033,14309,915,491
807,4,16,-1,119,915,1033,14309,1033,492
871,4,16,1,238,1034,1271,14309,1034,493
871,4,16,-1,238,1034,1271,14309,1271,494
7,4,17,1,62,1,62,15580,1,495
7,4,17,-1,62,1,62,15580,62,496
24,4,17,1,17,63,79,15580,63,497
24,4,17,-1,17,63,79,15580,79,498
51,4,17,1,77,80,156,15580,80,499
51,4,17,-1,77,80,156,15580,156,500
236,4,17,1,14,157,170,15580,157,501
236,4,17,-1,14,157,170,15580,170,502
292,4,17,1,93,171,263,15580,171,503
292,4,17,-1,93,171,263,15580,263,504
320,4,17,1,88,264,351,15580,264,505
320,4,17,-1,88,264,351,15580,351,506
325,3,17,1,67,352,418,15580,352,507
325,3,17,-1,67,352,418,15580,418,508
450,2,17,1,11,419,429,15580,419,509
450,2,17,-1,11,419,429,15580,429,510
458,4,17,1,77,430,506,15580,430,511
458,4,17,-1,77,430,506,15580,506,512
459,4,17,1,42,507,548,15580,507,513
459,4,17,-1,42,507,548,15580,548,514
619,3,17,1,73,549,621,15580,549,515
619,3,17,-1,73,549,621,15580,621,516
765,3,17,1,24,622,645,15580,622,517
765,3,17,-1,24,622,645,15580,645,518
814,4,17,1,153,646,798,15580,646,519
814,4,17,-1,153,646,798,15580,798,520
842,3,17,1,27,799,825,15580,799,521
842,3,17,-1,27,799,825,15580,825,522
924,2,17,1,15,826,840,15580,826,523
924,2,17,-1,15,826,840,15580,840,524
952,4,17,1,198,841,1038,15580,841,525
952,4,17,-1,198,841,1038,15580,1038,526
11,3,18,1,1,1,1,16618,1,527
11,3,18,-1,1,1,1,16618,1,528
13,4,18,1,27,2,28,16618,2,529
13,4,18,-1,27,2,28,16618,28,530
88,3,18,1,13,29,41,16618,29,531
88,3,18,-1,13,29,41,16618,41,532
98,3,18,1,2,42,43,16618,42,533
98,3,18,-1,2,42,43,16618,43,534
108,4,18,1,32,44,75,16618,44,535
108,4,18,-1,32,44,75,16618,75,536
136,4,18,1,65,76,140,16618,76,537
136,4,18,-1,65,76,140,16618,140,538
164,2,18,1,1,141,141,16618,141,539
164,2,18,-1,1,141,141,16618,141,540
243,4,18,1,21,142,162,16618,142,541
243,4,18,-1,21,142,162,16618,162,542
395,3,18,1,19,163,181,16618,163,543
395,3,18,-1,19,163,181,16618,181,544
535,4,18,1,57,182,238,16618,182,545
535,4,18,-1,57,182,238,16618,238,546
718,3,18,1,44,239,282,16618,239,547
718,3,18,-1,44,239,282,16618,282,548
755,4,18,1,103,283,385,16618,283,549
755,4,18,-1,103,283,385,16618,385,550
835,3,18,1,28,386,413,16618,386,551
835,3,18,-1,28,386,413,16618,413,552
882,2,18,1,48,414,461,16618,414,553
882,2,18,-1,48,414,461,16618,461,554
908,2,18,1,44,462,505,16618,462,555
908,2,18,-1,44,462,505,16618,505,556
920,2,18,1,17,506,522,16618,506,557
920,2,18,-1,17,506,522,16618,522,558
953,4,18,1,141,523,663,16618,523,559
953,4,18,-1,141,523,663,16618,663,560
988,3,18,1,92,664,755,16618,664,561
988,3,18,-1,92,664,755,16618,755,562
16,4,19,1,35,1,35,17373,1,563
16,4,19,-1,35,1,35,17373,35,564
53,3,19,1,14,36,49,17373,36,565
53,3,19,-1,14,36,49,17373,49,566
67,4,19,1,1,50,50,17373,50,567
67,4,19,-1,1,50,50,17373,50,568
159,3,19,1,9,51,59,17373,51,569
159,3,19,-1,9,51,59,17373,59,570
254,3,19,1,23,60,82,17373,60,571
254,3,19,-1,23,60,82,17373,82,572
314,4,19,1,29,83,111,17373,83,573
314,4,19,-1,29,83,111,17373,111,574
323,3,19,1,14,112,125,17373,112,575
323,3,19,-1,14,112,125,17373,125,576
428,4,19,1,128,126,253,17373,126,577
428,4,19,-1,128,126,253,17373,253,578
435,3,19,1,30,254,283,17373,254,579
435,3,19,-1,30,254,283,17373,283,580
477,4,19,1,63,284,346,17373,284,581
477,4,19,-1,63,284,346,17373,346,582
479,2,19,1,27,347,373,17373,347,583
479,2,19,-1,27,347,373,17373,373,584
486,4,19,1,75,374,448,17373,374,585
486,4,19,-1,75,374,448,17373,448,586
528,2,19,1,23,449,471,17373,449,587
528,2,19,-1,23,449,471,17373,471,588
542,4,19,1,104,472,575,17373,472,589
542,4,19,-1,104,472,575,17373,575,590
546,3,19,1,26,576,601,17373,576,591
546,3,19,-1,26,576,601,17373,601,592
602,4,19,1,75,602,676,17373,602,593
602,4,19,-1,75,602,676,17373,676,594
707,4,19,1,23,677,699,17373,677,595
707,4,19,-1,23,677,699,17373,699,596
817,2,19,1,23,700,722,17373,700,597
817,2,19,-1,23,700,722,17373,722,598
831,3,19,1,17,723,739,17373,723,599
831,3,19,-1,17,723,739,17373,739,600
905,4,19,1,98,740,837,17373,740,601
905,4,19,-1,98,740,837,17373,837,602
1008,3,19,1,82,838,919,17373,838,603
1008,3,19,-1,82,838,919,17373,919,604
30,4,20,1,49,1,49,18292,1,605
30,4,20,-1,49,1,49,18292,49,606
96,4,20,1,58,50,107,18292,50,607
96,4,20,-1,58,50,107,18292,107,608
117,3,20,1,9,108,116,18292,108,609
117,3,20,-1,9,108,116,18292,116,610
170,3,20,1,8,117,124,18292,117,611
170,3,20,-1,8,117,124,18292,124,612
328,4,20,1,66,125,190,18292,125,613
328,4,20,-1,66,125,190,18292,190,614
452,4,20,1,117,191,307,18292,191,615
452,4,20,-1,117,191,307,18292,307,616
581,4,20,1,18,308,325,18292,308,617
581,4,20,-1,18,308,325,18292,325,618
598,4,20,1,171,326,496,18292,326,619
598,4,20,-1,171,326,496,18292,496,620
636,4,20,1,68,497,564,18292,497,621
636,4,20,-1,68,497,564,18292,564,622
793,4,20,1,98,565,662,18292,565,623
793,4,20,-1,98,565,662,18292,662,624
800,3,20,1,38,663,700,18292,663,625
800,3,20,-1,38,663,700,18292,700,626
828,3,20,1,96,701,796,18292,701,627
828,3,20,-1,96,701,796,18292,796,628
897,4,20,1,48,797,844,18292,797,629
897,4,20,-1,48,797,844,18292,844,630
74,4,21,1,14,1,14,19136,1,631
74,4,21,-1,14,1,14,19136,14,632
86,4,21,1,28,15,42,19136,15,633
86,4,21,-1,28,15,42,19136,42,634
109,2,21,1,28,43,70,19136,43,635
109,2,21,-1,28,43,70,19136,70,636
245,4,21,1,9,71,79,19136,71,637
245,4,21,-1,9,71,79,19136,79,638
407,4,21,1,26,80,105,19136,80,639
407,4,21,-1,26,80,105,19136,105,640
553,4,21,1,135,106,240,19136,106,641
553,4,21,-1,135,106,240,19136,240,642
939,4,21,1,193,241,433,19136,241,643
939,4,21,-1,193,241,433,19136,433,644
35,4,22,1,82,1,82,19569,1,645
35,4,22,-1,82,1,82,19569,82,646
102,4,22,1,57,83,139,19569,83,647
102,4,22,-1,57,83,139,19569,139,648
118,3,22,1,47,140,186,19569,140,649
118,3,22,-1,47,140,186,19569,186,650
121,2,22,1,32,187,218,19569,187,651
121,2,22,-1,32,187,218,19569,218,652
186,4,22,1,3,219,221,19569,219,653
186,4,22,-1,3,219,221,19569,221,654
247,4,22,1,25,222,246,19569,222,655
247,4,22,-1,25,222,246,19569,246,656
262,3,22,1,78,247,324,19569,247,657
262,3,22,-1,78,247,324,19569,324,658
531,4,22,1,92,325,416,19569,325,659
531,4,22,-1,92,325,416,19569,416,660
587,4,22,1,126,417,542,19569,417,661
587,4,22,-1,126,417,542,19569,542,662
591,3,22,1,11,543,553,19569,543,663
591,3,22,-1,11,543,553,19569,553,664
655,4,22,1,21,554,574,19569,554,665
655,4,22,-1,21,554,574,19569,574,666
665,4,22,1,50,575,624,19569,575,667
665,4,22,-1,50,575,624,19569,624,668
689,4,22,1,177,625,801,19569,625,669
689,4,22,-1,177,625,801,19569,801,670
766,2,22,1,28,802,829,19569,802,671
766,2,22,-1,28,802,829,19569,829,672
812,4,22,1,83,830,912,19569,830,673
812,4,22,-1,83,830,912,19569,912,674
1006,4,22,1,155,913,1067,19569,913,675
1006,4,22,-1,155,913,1067,19569,1067,676
1015,4,22,1,129,1068,1196,19569,1068,677
1015,4,22,-1,129,1068,1196,19569,1196,678
1020,3,22,1,74,1197,1270,19569,1197,679
1020,3,22,-1,74,1197,1270,19569,1270,680
14,3,23,1,26,1,26,20839,1,681
14,3,23,-1,26,1,26,20839,26,682
45,4,23,1,16,27,42,20839,27,683
45,4,23,-1,16,27,42,20839,42,684
75,3,23,1,49,43,91,20839,43,685
75,3,23,-1,49,43,91,20839,91,686
83,4,23,1,4,92,95,20839,92,687
83,4,23,-1,4,92,95,20839,95,688
137,4,23,1,12,96,107,20839,96,689
137,4,23,-1,12,96,107,20839,107,690
140,2,23,1,17,108,124,20839,108,691
140,2,23,-1,17,108,124,20839,124,692
169,3,23,1,2,125,126,20839,125,693
169,3,23,-1,2,125,126,20839,126,694
215,4,23,1,37,127,163,20839,127,695
215,4,23,-1,37,127,163,20839,163,696
241,4,23,1,12,164,175,20839,164,697
241,4,23,-1,12,164,175,20839,175,698
332,4,23,1,67,176,242,20839,176,699
332,4,23,-1,67,176,242,20839,242,700
436,4,23,1,36,243,278,20839,243,701
436,4,23,-1,36,243,278,20839,278,702
534,4,23,1,140,279,418,20839,279,703
534,4,23,-1,140,279,418,20839,418,704
595,3,23,1,29,419,447,20839,419,705
595,3,23,-1,29,419,447,20839,447,706
616,3,23,1,40,448,487,20839,448,707
616,3,23,-1,40,448,487,20839,487,708
679,3,23,1,28,488,515,20839,488,709
679,3,23,-1,28,488,515,20839,515,710
697,4,23,1,137,516,652,20839,516,711
697,4,23,-1,137,516,652,20839,652,712
740,3,23,1,42,653,694,20839,653,713
740,3,23,-1,42,653,694,20839,694,714
742,4,23,1,106,695,800,20839,695,715
742,4,23,-1,106,695,800,20839,800,716
768,4,23,1,81,801,881,20839,801,717
768,4,23,-1,81,801,881,20839,881,718
772,3,23,1,46,882,927,20839,882,719
772,3,23,-1,46,882,927,20839,927,720
790,3,23,1,60,928,987,20839,928,721
790,3,23,-1,60,928,987,20839,987,722
875,3,23,1,76,988,1063,20839,988,723
875,3,23,-1,76,988,1063,20839,1063,724
919,3,23,1,82,1064,1145,20839,1064,725
919,3,23,-1,82,1064,1145,20839,1145,726
941,4,23,1,145,1146,1290,20839,1146,727
941,4,23,-1,145,1146,1290,20839,1290,728
93,4,24,1,38,1,38,22129,1,729
93,4,24,-1,38,1,38,22129,38,730
147,4,24,1,149,39,187,22129,39,731
147,4,24,-1,149,39,187,22129,187,732
342,3,24,1,6,188,193,22129,188,733
342,3,24,-1,6,188,193,22129,193,734
422,2,24,1,3,194,196,22129,194,735
422,2,24,-1,3,194,196,22129,196,736
427,3,24,1,20,197,216,22129,197,737
427,3,24,-1,20,197,216,22129,216,738
451,2,24,1,15,217,231,22129,217,739
451,2,24,-1,15,217,231,22129,231,740
566,4,24,1,56,232,287,22129,232,741
566,4,24,-1,56,232,287,22129,287,742
611,4,24,1,55,288,342,22129,288,743
611,4,24,-1,55,288,342,22129,342,744
715,2,24,1,33,343,375,22129,343,745
715,2,24,-1,33,343,375,22129,375,746
737,4,24,1,74,376,449,22129,376,747
737,4,24,-1,74,376,449,22129,449,748
801,3,24,1,53,450,502,22129,450,749
801,3,24,-1,53,450,502,22129,502,750
802,4,24,1,88,503,590,22129,503,751
802,4,24,-1,88,503,590,22129,590,752
901,4,24,1,240,591,830,22129,591,753
901,4,24,-1,240,591,830,22129,830,754
948,4,24,1,123,831,953,22129,831,755
948,4,24,-1,123,831,953,22129,953,756
959,2,24,1,46,954,999,22129,954,757
959,2,24,-1,46,954,999,22129,999,758
1012,2,24,1,23,1000,1022,22129,1000,759
1012,2,24,-1,23,1000,1022,22129,1022,760
12,4,25,1,3,1,3,23151,1,761
12,4,25,-1,3,1,3,23151,3,762
41,4,25,1,19,4,22,23151,4,763
41,4,25,-1,19,4,22,23151,22,764
50,2,25,1,2,23,24,23151,23,765
50,2,25,-1,2,23,24,23151,24,766
106,4,25,1,14,25,38,23151,25,767
106,4,25,-1,14,25,38,23151,38,768
232,3,25,1,8,39,46,23151,39,769
232,3,25,-1,8,39,46,23151,46,770
274,2,25,1,11,47,57,23151,47,771
274,2,25,-1,11,47,57,23151,57,772
282,4,25,1,11,58,68,23151,58,773
282,4,25,-1,11,58,68,23151,68,774
370,2,25,1,26,69,94,23151,69,775
370,2,25,-1,26,69,94,23151,94,776
383,4,25,1,55,95,149,23151,95,777
383,4,25,-1,55,95,149,23151,149,778
456,2,25,1,21,150,170,23151,150,779
456,2,25,-1,21,150,170,23151,170,780
463,4,25,1,17,171,187,23151,171,781
463,4,25,-1,17,171,187,23151,187,782
543,4,25,1,59,188,246,23151,188,783
543,4,25,-1,59,188,246,23151,246,784
748,2,25,1,33,247,279,23151,247,785
748,2,25,-1,33,247,279,23151,279,786
976,4,25,1,29,280,308,23151,280,787
976,4,25,-1,29,280,308,23151,308,788
989,4,25,1,148,309,456,23151,309,789
989,4,25,-1,148,309,456,23151,456,790
37,4,26,1,48,1,48,23607,1,791
37,4,26,-1,48,1,48,23607,48,792
129,4,26,1,31,49,79,23607,49,793
129,4,26,-1,31,49,79,23607,79,794
139,4,26,1,10,80,89,23607,80,795
139,4,26,-1,10,80,89,23607,89,796
146,4,26,1,38,90,127,23607,90,797
146,4,26,-1,38,90,127,23607,127,798
149,3,26,1,7,128,134,23607,128,799
149,3,26,-1,7,128,134,23607,134,800
165,2,26,1,5,135,139,23607,135,801
165,2,26,-1,5,135,139,23607,139,802
196,3,26,1,11,140,150,23607,140,803
196,3,26,-1,11,140,150,23607,150,804
209,3,26,1,6,151,156,23607,151,805
209,3,26,-1,6,151,156,23607,156,806
259,4,26,1,33,157,189,23607,157,807
259,4,26,-1,33,157,189,23607,189,808
286,3,26,1,14,190,203,23607,190,809
286,3,26,-1,14,190,203,23607,203,810
291,4,26,1,83,204,286,23607,204,811
291,4,26,-1,83,204,286,23607,286,812
462,4,26,1,36,287,322,23607,287,813
462,4,26,-1,36,287,322,23607,322,814
695,4,26,1,185,323,507,23607,323,815
695,4,26,-1,185,323,507,23607,507,816
726,2,26,1,40,508,547,23607,508,817
726,2,26,-1,40,508,547,23607,547,818
846,4,26,1,117,548,664,23607,548,819
846,4,26,-1,117,548,664,23607,664,820
898,2,26,1,55,665,719,23607,665,821
898,2,26,-1,55,665,719,23607,719,822
916,4,26,1,124,720,843,23607,720,823
916,4,26,-1,124,720,843,23607,843,824
934,3,26,1,35,844,878,23607,844,825
934,3,26,-1,35,844,878,23607,878,826
20,3,27,1,5,1,5,24485,1,827
20,3,27,-1,5,1,5,24485,5,828
81,3,27,1,9,6,14,24485,6,829
81,3,27,-1,9,6,14,24485,14,830
95,4,27,1,22,15,36,24485,15,831
95,4,27,-1,22,15,36,24485,36,832
172,4,27,1,17,37,53,24485,37,833
172,4,27,-1,17,37,53,24485,53,834
213,3,27,1,17,54,70,24485,54,835
213,3,27,-1,17,54,70,24485,70,836
357,4,27,1,81,71,151,24485,71,837
357,4,27,-1,81,71,151,24485,151,838
373,3,27,1,12,152,163,24485,152,839
373,3,27,-1,12,152,163,24485,163,840
387,2,27,1,14,164,177,24485,164,841
387,2,27,-1,14,164,177,24485,177,842
393,3,27,1,10,178,187,24485,178,843
393,3,27,-1,10,178,187,24485,187,844
416,4,27,1,12,188,199,24485,188,845
416,4,27,-1,12,188,199,24485,199,846
527,2,27,1,15,200,214,24485,200,847
527,2,27,-1,15,200,214,24485,214,848
576,3,27,1,33,215,247,24485,215,849
576,3,27,-1,33,215,247,24485,247,850
624,3,27,1,19,248,266,24485,248,851
624,3,27,-1,19,248,266,24485,266,852
700,3,27,1,10,267,276,24485,267,853
700,3,27,-1,10,267,276,24485,276,854
827,2,27,1,53,277,329,24485,277,855
827,2,27,-1,53,277,329,24485,329,856
869,4,27,1,225,330,554,24485,330,857
869,4,27,-1,225,330,554,24485,554,858
872,4,27,1,90,555,644,24485,555,859
872,4,27,-1,90,555,644,24485,644,860
911,2,27,1,64,645,708,24485,645,861
911,2,27,-1,64,645,708,24485,708,862
120,2,28,1,3,1,3,25193,1,863
120,2,28,-1,3,1,3,25193,3,864
192,2,28,1,2,4,5,25193,4,865
192,2,28,-1,2,4,5,25193,5,866
199,4,28,1,32,6,37,25193,6,867
199,4,28,-1,32,6,37,25193,37,868
210,3,28,1,19,38,56,25193,38,869
210,3,28,-1,19,38,56,25193,56,870
230,3,28,1,16,57,72,25193,57,871
230,3,28,-1,16,57,72,25193,72,872
360,3,28,1,17,73,89,25193,73,873
360,3,28,-1,17,73,89,25193,89,874
461,4,28,1,75,90,164,25193,90,875
461,4,28,-1,75,90,164,25193,164,876
484,4,28,1,55,165,219,25193,165,877
484,4,28,-1,55,165,219,25193,219,878
529,3,28,1,47,220,266,25193,220,879
529,3,28,-1,47,220,266,25193,266,880
536,4,28,1,48,267,314,25193,267,881
536,4,28,-1,48,267,314,25193,314,882
701,3,28,1,50,315,364,25193,315,883
701,3,28,-1,50,315,364,25193,364,884
760,3,28,1,22,365,386,25193,365,885
760,3,28,-1,22,365,386,25193,386,886
783,3,28,1,40,387,426,25193,387,887
783,3,28,-1,40,387,426,25193,426,888
850,2,28,1,22,427,448,25193,427,889
850,2,28,-1,22,427,448,25193,448,890
867,3,28,1,41,449,489,25193,449,891
867,3,28,-1,41,449,489,25193,489,892
870,4,28,1,198,490,687,25193,490,893
870,4,28,-1,198,490,687,25193,687,894
915,4,28,1,174,688,861,25193,688,895
915,4,28,-1,174,688,861,25193,861,896
935,4,28,1,132,862,993,25193,862,897
935,4,28,-1,132,862,993,25193,993,898
956,4,28,1,43,994,1036,25193,994,899
956,4,28,-1,43,994,1036,25193,1036,900
1009,2,28,1,29,1037,1065,25193,1037,901
1009,2,28,-1,29,1037,1065,25193,1065,902
1021,3,28,1,40,1066,1105,25193,1066,903
1021,3,28,-1,40,1066,1105,25193,1105,904
36,4,29,1,48,1,48,26298,1,905
36,4,29,-1,48,1,48,26298,48,906
142,3,29,1,26,49,74,26298,49,907
142,3,29,-1,26,49,74,26298,74,908
167,2,29,1,19,75,93,26298,75,909
167,2,29,-1,19,75,93,26298,93,910
261,4,29,1,189,94,282,26298,94,911
261,4,29,-1,189,94,282,26298,282,912
269,3,29,1,57,283,339,26298,283,913
269,3,29,-1,57,283,339,26298,339,914
365,3,29,1,4,340,343,26298,340,915
365,3,29,-1,4,340,343,26298,343,916
411,3,29,1,41,344,384,26298,344,917
411,3,29,-1,41,344,384,26298,384,918
426,4,29,1,31,385,415,26298,385,919
426,4,29,-1,31,385,415,26298,415,920
445,4,29,1,16,416,431,26298,416,921
445,4,29,-1,16,416,431,26298,431,922
478,3,29,1,14,432,445,26298,432,923
478,3,29,-1,14,432,445,26298,445,924
574,4,29,1,248,446,693,26298,446,925
574,4,29,-1,248,446,693,26298,693,926
580,3,29,1,78,694,771,26298,694,927
580,3,29,-1,78,694,771,26298,771,928
662,4,29,1,57,772,828,26298,772,929
662,4,29,-1,57,772,828,26298,828,930
686,3,29,1,35,829,863,26298,829,931
686,3,29,-1,35,829,863,26298,863,932
699,4,29,1,119,864,982,26298,864,933
699,4,29,-1,119,864,982,26298,982,934
732,4,29,1,150,983,1132,26298,983,935
732,4,29,-1,150,983,1132,26298,1132,936
833,3,29,1,45,1133,1177,26298,1133,937
833,3,29,-1,45,1133,1177,26298,1177,938
878,3,29,1,53,1178,1230,26298,1178,939
878,3,29,-1,53,1178,1230,26298,1230,940
947,3,29,1,55,1231,1285,26298,1231,941
947,3,29,-1,55,1231,1285,26298,1285,942
958,4,29,1,127,1286,1412,26298,1286,943
958,4,29,-1,127,1286,1412,26298,1412,944
9,2,30,1,3,1,3,27710,1,945
9,2,30,-1,3,1,3,27710,3,946
71,4,30,1,54,4,57,27710,4,947
71,4,30,-1,54,4,57,27710,57,948
144,4,30,1,1,58,58,27710,58,949
144,4,30,-1,1,58,58,27710,58,950
162,2,30,1,11,59,69,27710,59,951
162,2,30,-1,11,59,69,27710,69,952
173,4,30,1,9,70,78,27710,70,953
173,4,30,-1,9,70,78,27710,78,954
294,3,30,1,10,79,88,27710,79,955
294,3,30,-1,10,79,88,27710,88,956
300,3,30,1,15,89,103,27710,89,957
300,3,30,-1,15,89,103,27710,103,958
402,2,30,1,19,104,122,27710,104,959
402,2,30,-1,19,104,122,27710,122,960
403,3,30,1,63,123,185,27710,123,961
403,3,30,-1,63,123,185,27710,185,962
432,4,30,1,75,186,260,27710,186,963
432,4,30,-1,75,186,260,27710,260,964
505,4,30,1,32,261,292,27710,261,965
505,4,30,-1,32,261,292,27710,292,966
547,3,30,1,28,293,320,27710,293,967
547,3,30,-1,28,293,320,27710,320,968
675,4,30,1,124,321,444,27710,321,969
675,4,30,-1,124,321,444,27710,444,970
749,3,30,1,102,445,546,27710,445,971
749,3,30,-1,102,445,546,27710,546,972
781,4,30,1,139,547,685,27710,547,973
781,4,30,-1,139,547,685,27710,685,974
855,4,30,1,272,686,957,27710,686,975
855,4,30,-1,272,686,957,27710,957,976
863,2,30,1,33,958,990,27710,958,977
863,2,30,-1,33,958,990,27710,990,978
888,4,30,1,192,991,1182,27710,991,979
888,4,30,-1,192,991,1182,27710,1182,980
921,4,30,1,100,1183,1282,27710,1183,981
921,4,30,-1,100,1183,1282,27710,1282,982
19,4,31,1,5,1,5,28992,1,983
19,4,31,-1,5,1,5,28992,5,984
25,3,31,1,3,6,8,28992,6,985
25,3,31,-1,3,6,8,28992,8,986
180,4,31,1,11,9,19,28992,9,987
180,4,31,-1,11,9,19,28992,19,988
273,2,31,1,6,20,25,28992,20,989
273,2,31,-1,6,20,25,28992,25,990
298,4,31,1,12,26,37,28992,26,991
298,4,31,-1,12,26,37,28992,37,992
331,3,31,1,66,38,103,28992,38,993
331,3,31,-1,66,38,103,28992,103,994
398,3,31,1,26,104,129,28992,104,995
398,3,31,-1,26,104,129,28992,129,996
501,4,31,1,34,130,163,28992,130,997
501,4,31,-1,34,130,163,28992,163,998
687,4,31,1,100,164,263,28992,164,999
687,4,31,-1,100,164,263,28992,263,1000
145,4,32,1,20,1,20,29255,1,1001
145,4,32,-1,20,1,20,29255,20,1002
225,2,32,1,3,21,23,29255,21,1003
225,2,32,-1,3,21,23,29255,23,1004
369,4,32,1,14,24,37,29255,24,1005
369,4,32,-1,14,24,37,29255,37,1006
391,4,32,1,19,38,56,29255,38,1007
391,4,32,-1,19,38,56,29255,56,1008
454,3,32,1,127,57,183,29255,57,1009
454,3,32,-1,127,57,183,29255,183,1010
515,3,32,1,29,184,212,29255,184,1011
515,3,32,-1,29,184,212,29255,212,1012
526,4,32,1,56,213,268,29255,213,1013
526,4,32,-1,56,213,268,29255,268,1014
557,2,32,1,36,269,304,29255,269,1015
557,2,32,-1,36,269,304,29255,304,1016
680,3,32,1,55,305,359,29255,305,1017
680,3,32,-1,55,305,359,29255,359,1018
712,4,32,1,86,360,445,29255,360,1019
712,4,32,-1,86,360,445,29255,445,1020
832,2,32,1,19,446,464,29255,446,1021
832,2,32,-1,19,446,464,29255,464,1022
923,4,32,1,152,465,616,29255,465,1023
923,4,32,-1,152,465,616,29255,616,1024
113,4,33,1,2,1,2,29871,1,1025
113,4,33,-1,2,1,2,29871,2,1026
185,3,33,1,14,3,16,29871,3,1027
185,3,33,-1,14,3,16,29871,16,1028
353,4,33,1,135,17,151,29871,17,1029
353,4,33,-1,135,17,151,29871,151,1030
374,4,33,1,92,152,243,29871,152,1031
374,4,33,-1,92,152,243,29871,243,1032
389,4,33,1,91,244,334,29871,244,1033
389,4,33,-1,91,244,334,29871,334,1034
540,4,33,1,73,335,407,29871,335,1035
540,4,33,-1,73,335,407,29871,407,1036
554,4,33,1,23,408,430,29871,408,1037
554,4,33,-1,23,408,430,29871,430,1038
555,2,33,1,8,431,438,29871,431,1039
555,2,33,-1,8,431,438,29871,438,1040
627,4,33,1,43,439,481,29871,439,1041
627,4,33,-1,43,439,481,29871,481,1042
637,4,33,1,60,482,541,29871,482,1043
637,4,33,-1,60,482,541,29871,541,1044
674,4,33,1,121,542,662,29871,542,1045
674,4,33,-1,121,542,662,29871,662,1046
682,4,33,1,54,663,716,29871,663,1047
682,4,33,-1,54,663,716,29871,716,1048
727,3,33,1,50,717,766,29871,717,1049
727,3,33,-1,50,717,766,29871,766,1050
764,4,33,1,73,767,839,29871,767,1051
764,4,33,-1,73,767,839,29871,839,1052
786,2,33,1,13,840,852,29871,840,1053
786,2,33,-1,13,840,852,29871,852,1054
940,4,33,1,317,853,1169,29871,853,1055
940,4,33,-1,317,853,1169,29871,1169,1056
1013,3,33,1,43,1170,1212,29871,1170,1057
1013,3,33,-1,43,1170,1212,29871,1212,1058
44,3,34,1,3,1,3,31083,1,1059
44,3,34,-1,3,1,3,31083,3,1060
78,4,34,1,22,4,25,31083,4,1061
78,4,34,-1,22,4,25,31083,25,1062
376,4,34,1,104,26,129,31083,26,1063
376,4,34,-1,104,26,129,31083,129,1064
380,4,34,1,47,130,176,31083,130,1065
380,4,34,-1,47,130,176,31083,176,1066
519,4,34,1,142,177,318,31083,177,1067
519,4,34,-1,142,177,318,31083,318,1068
538,4,34,1,68,319,386,31083,319,1069
538,4,34,-1,68,319,386,31083,386,1070
556,4,34,1,76,387,462,31083,387,1071
556,4,34,-1,76,387,462,31083,462,1072
563,4,34,1,102,463,564,31083,463,1073
563,4,34,-1,102,463,564,31083,564,1074
615,4,34,1,151,565,715,31083,565,1075
615,4,34,-1,151,565,715,31083,715,1076
657,3,34,1,27,716,742,31083,716,1077
657,3,34,-1,27,716,742,31083,742,1078
838,3,34,1,44,743,786,31083,743,1079
838,3,34,-1,44,743,786,31083,786,1080
873,4,34,1,14,787,800,31083,787,1081
873,4,34,-1,14,787,800,31083,800,1082
913,4,34,1,57,801,857,31083,801,1083
913,4,34,-1,57,801,857,31083,857,1084
918,4,34,1,73,858,930,31083,858,1085
918,4,34,-1,73,858,930,31083,930,1086
981,4,34,1,199,931,1129,31083,931,1087
981,4,34,-1,199,931,1129,31083,1129,1088
5,2,35,1,2,1,2,32212,1,1089
5,2,35,-1,2,1,2,32212,2,1090
54,4,35,1,16,3,18,32212,3,1091
54,4,35,-1,16,3,18,32212,18,1092
176,2,35,1,5,19,23,32212,19,1093
176,2,35,-1,5,19,23,32212,23,1094
276,4,35,1,26,24,49,32212,24,1095
276,4,35,-1,26,24,49,32212,49,1096
412,4,35,1,42,50,91,32212,50,1097
412,4,35,-1,42,50,91,32212,91,1098
570,4,35,1,95,92,186,32212,92,1099
570,4,35,-1,95,92,186,32212,186,1100
601,3,35,1,23,187,209,32212,187,1101
601,3,35,-1,23,187,209,32212,209,1102
664,3,35,1,62,210,271,32212,210,1103
664,3,35,-1,62,210,271,32212,271,1104
676,2,35,1,22,272,293,32212,272,1105
676,2,35,-1,22,272,293,32212,293,1106
729,4,35,1,170,294,463,32212,294,1107
729,4,35,-1,170,294,463,32212,463,1108
837,4,35,1,57,464,520,32212,464,1109
837,4,35,-1,57,464,520,32212,520,1110
880,3,35,1,30,521,550,32212,521,1111
880,3,35,-1,30,521,550,32212,550,1112
892,4,35,1,109,551,659,32212,551,1113
892,4,35,-1,109,551,659,32212,659,1114
904,2,35,1,58,660,717,32212,660,1115
904,2,35,-1,58,660,717,32212,717,1116
936,2,35,1,38,718,755,32212,718,1117
936,2,35,-1,38,718,755,32212,755,1118
18,2,36,1,5,1,5,32967,1,1119
18,2,36,-1,5,1,5,32967,5,1120
150,4,36,1,21,6,26,32967,6,1121
150,4,36,-1,21,6,26,32967,26,1122
189,4,36,1,2,27,28,32967,27,1123
189,4,36,-1,2,27,28,32967,28,1124
330,3,36,1,17,29,45,32967,29,1125
330,3,36,-1,17,29,45,32967,45,1126
433,3,36,1,19,46,64,32967,46,1127
433,3,36,-1,19,46,64,32967,64,1128
514,3,36,1,98,65,162,32967,65,1129
514,3,36,-1,98,65,162,32967,162,1130
866,3,36,1,107,163,269,32967,163,1131
866,3,36,-1,107,163,269,32967,269,1132
937,4,36,1,106,270,375,32967,270,1133
937,4,36,-1,106,270,375,32967,375,1134
971,4,36,1,89,376,464,32967,376,1135
971,4,36,-1,89,376,464,32967,464,1136
998,3,36,1,44,465,508,32967,465,1137
998,3,36,-1,44,465,508,32967,508,1138
135,3,37,1,45,1,45,33475,1,1139
135,3,37,-1,45,1,45,33475,45,1140
218,4,37,1,54,46,99,33475,46,1141
218,4,37,-1,54,46,99,33475,99,1142
363,4,37,1,85,100,184,33475,100,1143
363,4,37,-1,85,100,184,33475,184,1144
377,3,37,1,13,185,197,33475,185,1145
377,3,37,-1,13,185,197,33475,197,1146
481,2,37,1,4,198,201,33475,198,1147
481,2,37,-1,4,198,201,33475,201,1148
594,4,37,1,62,202,263,33475,202,1149
594,4,37,-1,62,202,263,33475,263,1150
605,3,37,1,28,264,291,33475,264,1151
605,3,37,-1,28,264,291,33475,291,1152
650,3,37,1,38,292,329,33475,292,1153
650,3,37,-1,38,292,329,33475,329,1154
792,3,37,1,56,330,385,33475,330,1155
792,3,37,-1,56,330,385,33475,385,1156
796,4,37,1,159,386,544,33475,386,1157
796,4,37,-1,159,386,544,33475,544,1158
929,4,37,1,51,545,595,33475,545,1159
929,4,37,-1,51,545,595,33475,595,1160
163,4,38,1,2,1,2,34070,1,1161
163,4,38,-1,2,1,2,34070,2,1162
268,2,38,1,13,3,15,34070,3,1163
268,2,38,-1,13,3,15,34070,15,1164
345,2,38,1,39,16,54,34070,16,1165
345,2,38,-1,39,16,54,34070,54,1166
359,3,38,1,26,55,80,34070,55,1167
359,3,38,-1,26,55,80,34070,80,1168
388,4,38,1,115,81,195,34070,81,1169
388,4,38,-1,115,81,195,34070,195,1170
404,2,38,1,9,196,204,34070,196,1171
404,2,38,-1,9,196,204,34070,204,1172
406,3,38,1,49,205,253,34070,205,1173
406,3,38,-1,49,205,253,34070,253,1174
503,4,38,1,60,254,313,34070,254,1175
503,4,38,-1,60,254,313,34070,313,1176
524,4,38,1,91,314,404,34070,314,1177
524,4,38,-1,91,314,404,34070,404,1178
780,4,38,1,95,405,499,34070,405,1179
780,4,38,-1,95,405,499,34070,499,1180
926,4,38,1,77,500,576,34070,500,1181
926,4,38,-1,77,500,576,34070,576,1182
968,4,38,1,168,577,744,34070,577,1183
968,4,38,-1,168,577,744,34070,744,1184
1003,2,38,1,31,745,775,34070,745,1185
1003,2,38,-1,31,745,775,34070,775,1186
1024,4,38,1,87,776,862,34070,776,1187
1024,4,38,-1,87,776,862,34070,862,1188
23,4,39,1,17,1,17,34932,1,1189
23,4,39,-1,17,1,17,34932,17,1190
31,3,39,1,7,18,24,34932,18,1191
31,3,39,-1,7,18,24,34932,24,1192
90,3,39,1,23,25,47,34932,25,1193
90,3,39,-1,23,25,47,34932,47,1194
156,4,39,1,5,48,52,34932,48,1195
156,4,39,-1,5,48,52,34932,52,1196
214,2,39,1,19,53,71,34932,53,1197
214,2,39,-1,19,53,71,34932,71,1198
263,2,39,1,5,72,76,34932,72,1199
263,2,39,-1,5,72,76,34932,76,1200
280,4,39,1,18,77,94,34932,77,1201
280,4,39,-1,18,77,94,34932,94,1202
296,4,39,1,17,95,111,34932,95,1203
296,4,39,-1,17,95,111,34932,111,1204
312,3,39,1,21,112,132,34932,112,1205
312,3,39,-1,21,112,132,34932,132,1206
335,4,39,1,31,133,163,34932,133,1207
335,4,39,-1,31,133,163,34932,163,1208
455,4,39,1,38,164,201,34932,164,1209
455,4,39,-1,38,164,201,34932,201,1210
510,4,39,1,51,202,252,34932,202,1211
510,4,39,-1,51,202,252,34932,252,1212
544,4,39,1,48,253,300,34932,253,1213
544,4,39,-1,48,253,300,34932,300,1214
550,2,39,1,10,301,310,34932,301,1215
550,2,39,-1,10,301,310,34932,310,1216
573,4,39,1,151,311,461,34932,311,1217
573,4,39,-1,151,311,461,34932,461,1218
582,3,39,1,38,462,499,34932,462,1219
582,3,39,-1,38,462,499,34932,499,1220
623,2,39,1,30,500,529,34932,500,1221
623,2,39,-1,30,500,529,34932,529,1222
681,4,39,1,75,530,604,34932,530,1223
681,4,39,-1,75,530,604,34932,604,1224
693,3,39,1,24,605,628,34932,605,1225
693,3,39,-1,24,605,628,34932,628,1226
705,4,39,1,53,629,681,34932,629,1227
705,4,39,-1,53,629,681,34932,681,1228
733,3,39,1,42,682,723,34932,682,1229
733,3,39,-1,42,682,723,34932,723,1230
770,4,39,1,67,724,790,34932,724,1231
770,4,39,-1,67,724,790,34932,790,1232
963,3,39,1,46,791,836,34932,791,1233
963,3,39,-1,46,791,836,34932,836,1234
46,3,40,1,8,1,8,35768,1,1235
46,3,40,-1,8,1,8,35768,8,1236
76,4,40,1,30,9,38,35768,9,1237
76,4,40,-1,30,9,38,35768,38,1238
110,4,40,1,27,39,65,35768,39,1239
110,4,40,-1,27,39,65,35768,65,1240
130,2,40,1,21,66,86,35768,66,1241
130,2,40,-1,21,66,86,35768,86,1242
182,3,40,1,5,87,91,35768,87,1243
182,3,40,-1,5,87,91,35768,91,1244
197,3,40,1,22,92,113,35768,92,1245
197,3,40,-1,22,92,113,35768,113,1246
224,2,40,1,16,114,129,35768,114,1247
224,2,40,-1,16,114,129,35768,129,1248
264,3,40,1,25,130,154,35768,130,1249
264,3,40,-1,25,130,154,35768,154,1250
348,3,40,1,31,155,185,35768,155,1251
348,3,40,-1,31,155,185,35768,185,1252
361,3,40,1,94,186,279,35768,186,1253
361,3,40,-1,94,186,279,35768,279,1254
497,4,40,1,51,280,330,35768,280,1255
497,4,40,-1,51,280,330,35768,330,1256
666,3,40,1,35,331,365,35768,331,1257
666,3,40,-1,35,331,365,35768,365,1258
696,3,40,1,27,366,392,35768,366,1259
696,3,40,-1,27,366,392,35768,392,1260
709,4,40,1,89,393,481,35768,393,1261
709,4,40,-1,89,393,481,35768,481,1262
713,3,40,1,30,482,511,35768,482,1263
713,3,40,-1,30,482,511,35768,511,1264
738,2,40,1,23,512,534,35768,512,1265
738,2,40,-1,23,512,534,35768,534,1266
804,4,40,1,222,535,756,35768,535,1267
804,4,40,-1,222,535,756,35768,756,1268
874,3,40,1,58,757,814,35768,757,1269
874,3,40,-1,58,757,814,35768,814,1270
933,4,40,1,208,815,1022,35768,815,1271
933,4,40,-1,208,815,1022,35768,1022,1272
993,3,40,1,82,1023,1104,35768,1023,1273
993,3,40,-1,82,1023,1104,35768,1104,1274
249,4,41,1,1,1,1,36872,1,1275
249,4,41,-1,1,1,1,36872,1,1276
317,2,41,1,23,2,24,36872,2,1277
317,2,41,-1,23,2,24,36872,24,1278
371,3,41,1,10,25,34,36872,25,1279
371,3,41,-1,10,25,34,36872,34,1280
415,4,41,1,39,35,73,36872,35,1281
415,4,41,-1,39,35,73,36872,73,1282
441,4,41,1,100,74,173,36872,74,1283
441,4,41,-1,100,74,173,36872,173,1284
500,2,41,1,9,174,182,36872,174,1285
500,2,41,-1,9,174,182,36872,182,1286
708,4,41,1,118,183,300,36872,183,1287
708,4,41,-1,118,183,300,36872,300,1288
834,4,41,1,65,301,365,36872,301,1289
834,4,41,-1,65,301,365,36872,365,1290
883,2,41,1,17,366,382,36872,366,1291
883,2,41,-1,17,366,382,36872,382,1292
927,2,41,1,58,383,440,36872,383,1293
927,2,41,-1,58,383,440,36872,440,1294
945,3,41,1,34,441,474,36872,441,1295
945,3,41,-1,34,441,474,36872,474,1296
1023,4,41,1,287,475,761,36872,475,1297
1023,4,41,-1,287,475,761,36872,761,1298
8,4,42,1,15,1,15,37633,1,1299
8,4,42,-1,15,1,15,37633,15,1300
61,4,42,1,79,16,94,37633,16,1301
61,4,42,-1,79,16,94,37633,94,1302
91,3,42,1,13,95,107,37633,95,1303
91,3,42,-1,13,95,107,37633,107,1304
116,4,42,1,28,108,135,37633,108,1305
116,4,42,-1,28,108,135,37633,135,1306
152,4,42,1,57,136,192,37633,136,1307
152,4,42,-1,57,136,192,37633,192,1308
155,3,42,1,24,193,216,37633,193,1309
155,3,42,-1,24,193,216,37633,216,1310
202,2,42,1,3,217,219,37633,217,1311
202,2,42,-1,3,217,219,37633,219,1312
206,4,42,1,8,220,227,37633,220,1313
206,4,42,-1,8,220,227,37633,227,1314
212,4,42,1,4,228,231,37633,228,1315
212,4,42,-1,4,228,231,37633,231,1316
216,3,42,1,43,232,274,37633,232,1317
216,3,42,-1,43,232,274,37633,274,1318
223,4,42,1,42,275,316,37633,275,1319
223,4,42,-1,42,275,316,37633,316,1320
303,4,42,1,33,317,349,37633,317,1321
303,4,42,-1,33,317,349,37633,349,1322
310,2,42,1,24,350,373,37633,350,1323
310,2,42,-1,24,350,373,37633,373,1324
421,3,42,1,23,374,396,37633,374,1325
421,3,42,-1,23,374,396,37633,396,1326
504,4,42,1,40,397,436,37633,397,1327
504,4,42,-1,40,397,436,37633,436,1328
639,4,42,1,106,437,542,37633,437,1329
639,4,42,-1,106,437,542,37633,542,1330
654,3,42,1,49,543,591,37633,543,1331
654,3,42,-1,49,543,591,37633,591,1332
694,4,42,1,136,592,727,37633,592,1333
694,4,42,-1,136,592,727,37633,727,1334
706,4,42,1,21,728,748,37633,728,1335
706,4,42,-1,21,728,748,37633,748,1336
777,2,42,1,27,749,775,37633,749,1337
777,2,42,-1,27,749,775,37633,775,1338
784,3,42,1,56,776,831,37633,776,1339
784,3,42,-1,56,776,831,37633,831,1340
928,4,42,1,88,832,919,37633,832,1341
928,4,42,-1,88,832,919,37633,919,1342
957,4,42,1,74,920,993,37633,920,1343
957,4,42,-1,74,920,993,37633,993,1344
128,4,43,1,6,1,6,38626,1,1345
128,4,43,-1,6,1,6,38626,6,1346
132,4,43,1,89,7,95,38626,7,1347
132,4,43,-1,89,7,95,38626,95,1348
133,4,43,1,8,96,103,38626,96,1349
133,4,43,-1,8,96,103,38626,103,1350
222,4,43,1,129,104,232,38626,104,1351
222,4,43,-1,129,104,232,38626,232,1352
242,4,43,1,17,233,249,38626,233,1353
242,4,43,-1,17,233,249,38626,249,1354
279,4,43,1,49,250,298,38626,250,1355
279,4,43,-1,49,250,298,38626,298,1356
287,4,43,1,36,299,334,38626,299,1357
287,4,43,-1,36,299,334,38626,334,1358
336,3,43,1,49,335,383,38626,335,1359
336,3,43,-1,49,335,383,38626,383,1360
444,3,43,1,9,384,392,38626,384,1361
444,3,43,-1,9,384,392,38626,392,1362
511,4,43,1,110,393,502,38626,393,1363
511,4,43,-1,110,393,502,38626,502,1364
607,2,43,1,18,503,520,38626,503,1365
607,2,43,-1,18,503,520,38626,520,1366
630,4,43,1,134,521,654,38626,521,1367
630,4,43,-1,134,521,654,38626,654,1368
643,2,43,1,18,655,672,38626,655,1369
643,2,43,-1,18,655,672,38626,672,1370
930,2,43,1,57,673,729,38626,673,1371
930,2,43,-1,57,673,729,38626,729,1372
966,3,43,1,152,730,881,38626,730,1373
966,3,43,-1,152,730,881,38626,881,1374
970,2,43,1,9,882,890,38626,882,1375
970,2,43,-1,9,882,890,38626,890,1376
15,4,44,1,43,1,43,39516,1,1377
15,4,44,-1,43,1,43,39516,43,1378
33,3,44,1,25,44,68,39516,44,1379
33,3,44,-1,25,44,68,39516,68,1380
171,3,44,1,19,69,87,39516,69,1381
171,3,44,-1,19,69,87,39516,87,1382
178,4,44,1,32,88,119,39516,88,1383
178,4,44,-1,32,88,119,39516,119,1384
255,2,44,1,1,120,120,39516,120,1385
255,2,44,-1,1,120,120,39516,120,1386
344,3,44,1,28,121,148,39516,121,1387
344,3,44,-1,28,121,148,39516,148,1388
375,3,44,1,35,149,183,39516,149,1389
375,3,44,-1,35,149,183,39516,183,1390
418,4,44,1,74,184,257,39516,184,1391
418,4,44,-1,74,184,257,39516,257,1392
460,3,44,1,30,258,287,39516,258,1393
460,3,44,-1,30,258,287,39516,287,1394
494,4,44,1,144,288,431,39516,288,1395
494,4,44,-1,144,288,431,39516,431,1396
499,4,44,1,95,432,526,39516,432,1397
499,4,44,-1,95,432,526,39516,526,1398
622,2,44,1,16,527,542,39516,527,1399
622,2,44,-1,16,527,542,39516,542,1400
646,3,44,1,66,543,608,39516,543,1401
646,3,44,-1,66,543,608,39516,608,1402
692,3,44,1,59,609,667,39516,609,1403
692,3,44,-1,59,609,667,39516,667,1404
704,3,44,1,41,668,708,39516,668,1405
704,3,44,-1,41,668,708,39516,708,1406
731,4,44,1,112,709,820,39516,709,1407
731,4,44,-1,112,709,820,39516,820,1408
66,4,45,1,22,1,22,40336,1,1409
66,4,45,-1,22,1,22,40336,22,1410
265,4,45,1,17,23,39,40336,23,1411
265,4,45,-1,17,23,39,40336,39,1412
272,2,45,1,17,40,56,40336,40,1413
272,2,45,-1,17,40,56,40336,56,1414
288,4,45,1,39,57,95,40336,57,1415
288,4,45,-1,39,57,95,40336,95,1416
333,4,45,1,62,96,157,40336,96,1417
333,4,45,-1,62,96,157,40336,157,1418
349,2,45,1,5,158,162,40336,158,1419
349,2,45,-1,5,158,162,40336,162,1420
392,4,45,1,88,163,250,40336,163,1421
392,4,45,-1,88,163,250,40336,250,1422
493,4,45,1,30,251,280,40336,251,1423
493,4,45,-1,30,251,280,40336,280,1424
617,4,45,1,13,281,293,40336,281,1425
617,4,45,-1,13,281,293,40336,293,1426
633,2,45,1,39,294,332,40336,294,1427
633,2,45,-1,39,294,332,40336,332,1428
734,2,45,1,13,333,345,40336,333,1429
734,2,45,-1,13,333,345,40336,345,1430
839,3,45,1,67,346,412,40336,346,1431
839,3,45,-1,67,346,412,40336,412,1432
848,3,45,1,91,413,503,40336,413,1433
848,3,45,-1,91,413,503,40336,503,1434
854,4,45,1,173,504,676,40336,504,1435
854,4,45,-1,173,504,676,40336,676,1436
910,2,45,1,15,677,691,40336,677,1437
910,2,45,-1,15,677,691,40336,691,1438
912,2,45,1,65,692,756,40336,692,1439
912,2,45,-1,65,692,756,40336,756,1440
43,4,46,1,14,1,14,41092,1,1441
43,4,46,-1,14,1,14,41092,14,1442
187,4,46,1,36,15,50,41092,15,1443
187,4,46,-1,36,15,50,41092,50,1444
195,4,46,1,7,51,57,41092,51,1445
195,4,46,-1,7,51,57,41092,57,1446
253,3,46,1,15,58,72,41092,58,1447
253,3,46,-1,15,58,72,41092,72,1448
271,4,46,1,89,73,161,41092,73,1449
271,4,46,-1,89,73,161,41092,161,1450
367,4,46,1,137,162,298,41092,162,1451
367,4,46,-1,137,162,298,41092,298,1452
378,3,46,1,22,299,320,41092,299,1453
378,3,46,-1,22,299,320,41092,320,1454
381,4,46,1,24,321,344,41092,321,1455
381,4,46,-1,24,321,344,41092,344,1456
464,3,46,1,37,345,381,41092,345,1457
464,3,46,-1,37,345,381,41092,381,1458
485,4,46,1,39,382,420,41092,382,1459
485,4,46,-1,39,382,420,41092,420,1460
508,4,46,1,26,421,446,41092,421,1461
508,4,46,-1,26,421,446,41092,446,1462
586,3,46,1,25,447,471,41092,447,1463
586,3,46,-1,25,447,471,41092,471,1464
688,3,46,1,49,472,520,41092,472,1465
688,3,46,-1,49,472,520,41092,520,1466
896,3,46,1,107,521,627,41092,521,1467
896,3,46,-1,107,521,627,41092,627,1468
909,3,46,1,82,628,709,41092,628,1469
909,3,46,-1,82,628,709,41092,709,1470
944,3,46,1,76,710,785,41092,710,1471
944,3,46,-1,76,710,785,41092,785,1472
983,3,46,1,51,786,836,41092,786,1473
983,3,46,-1,51,786,836,41092,836,1474
1,2,47,1,1,1,1,41928,1,1475
1,2,47,-1,1,1,1,41928,1,1476
17,4,47,1,42,2,43,41928,2,1477
17,4,47,-1,42,2,43,41928,43,1478
55,3,47,1,6,44,49,41928,44,1479
55,3,47,-1,6,44,49,41928,49,1480
229,3,47,1,21,50,70,41928,50,1481
229,3,47,-1,21,50,70,41928,70,1482
258,3,47,1,96,71,166,41928,71,1483
258,3,47,-1,96,71,166,41928,166,1484
267,3,47,1,5,167,171,41928,167,1485
267,3,47,-1,5,167,171,41928,171,1486
399,4,47,1,12,172,183,41928,172,1487
399,4,47,-1,12,172,183,41928,183,1488
442,4,47,1,4,184,187,41928,184,1489
442,4,47,-1,4,184,187,41928,187,1490
457,4,47,1,65,188,252,41928,188,1491
457,4,47,-1,65,188,252,41928,252,1492
473,4,47,1,99,253,351,41928,253,1493
473,4,47,-1,99,253,351,41928,351,1494
618,3,47,1,49,352,400,41928,352,1495
618,3,47,-1,49,352,400,41928,400,1496
648,2,47,1,56,401,456,41928,401,1497
648,2,47,-1,56,401,456,41928,456,1498
795,2,47,1,15,457,471,41928,457,1499
795,2,47,-1,15,457,471,41928,471,1500
821,4,47,1,57,472,528,41928,472,1501
821,4,47,-1,57,472,528,41928,528,1502
856,2,47,1,44,529,572,41928,529,1503
856,2,47,-1,44,529,572,41928,572,1504
932,2,47,1,23,573,595,41928,573,1505
932,2,47,-1,23,573,595,41928,595,1506
995,2,47,1,47,596,642,41928,596,1507
995,2,47,-1,47,596,642,41928,642,1508
57,4,48,1,34,1,34,42570,1,1509
57,4,48,-1,34,1,34,42570,34,1510
148,3,48,1,16,35,50,42570,35,1511
148,3,48,-1,16,35,50,42570,50,1512
390,4,48,1,32,51,82,42570,51,1513
390,4,48,-1,32,51,82,42570,82,1514
400,4,48,1,36,83,118,42570,83,1515
400,4,48,-1,36,83,118,42570,118,1516
429,3,48,1,24,119,142,42570,119,1517
429,3,48,-1,24,119,142,42570,142,1518
516,3,48,1,44,143,186,42570,143,1519
516,3,48,-1,44,143,186,42570,186,1520
584,4,48,1,133,187,319,42570,187,1521
584,4,48,-1,133,187,319,42570,319,1522
626,4,48,1,131,320,450,42570,320,1523
626,4,48,-1,131,320,450,42570,450,1524
667,3,48,1,80,451,530,42570,451,1525
667,3,48,-1,80,451,530,42570,530,1526
776,4,48,1,108,531,638,42570,531,1527
776,4,48,-1,108,531,638,42570,638,1528
984,2,48,1,19,639,657,42570,639,1529
984,2,48,-1,19,639,657,42570,657,1530
211,2,49,1,1,1,1,43227,1,1531
211,2,49,-1,1,1,1,43227,1,1532
228,2,49,1,2,2,3,43227,2,1533
228,2,49,-1,2,2,3,43227,3,1534
339,2,49,1,4,4,7,43227,4,1535
339,2,49,-1,4,4,7,43227,7,1536
382,3,49,1,34,8,41,43227,8,1537
382,3,49,-1,34,8,41,43227,41,1538
397,2,49,1,7,42,48,43227,42,1539
397,2,49,-1,7,42,48,43227,48,1540
443,3,49,1,18,49,66,43227,49,1541
443,3,49,-1,18,49,66,43227,66,1542
578,3,49,1,81,67,147,43227,67,1543
578,3,49,-1,81,67,147,43227,147,1544
635,4,49,1,177,148,324,43227,148,1545
635,4,49,-1,177,148,324,43227,324,1546
759,2,49,1,15,325,339,43227,325,1547
759,2,49,-1,15,325,339,43227,339,1548
775,3,49,1,81,340,420,43227,340,1549
775,3,49,-1,81,340,420,43227,420,1550
791,2,49,1,22,421,442,43227,421,1551
791,2,49,-1,22,421,442,43227,442,1552
972,3,49,1,60,443,502,43227,443,1553
972,3,49,-1,60,443,502,43227,502,1554
6,4,50,1,42,1,42,43729,1,1555
6,4,50,-1,42,1,42,43729,42,1556
60,4,50,1,37,43,79,43729,43,1557
60,4,50,-1,37,43,79,43729,79,1558
127,4,50,1,38,80,117,43729,80,1559
127,4,50,-1,38,80,117,43729,117,1560
177,3,50,1,5,118,122,43729,118,1561
177,3,50,-1,5,118,122,43729,122,1562
233,4,50,1,47,123,169,43729,123,1563
233,4,50,-1,47,123,169,43729,169,1564
256,2,50,1,8,170,177,43729,170,1565
256,2,50,-1,8,170,177,43729,177,1566
299,3,50,1,18,178,195,43729,178,1567
299,3,50,-1,18,178,195,43729,195,1568
596,4,50,1,53,196,248,43729,196,1569
596,4,50,-1,53,196,248,43729,248,1570
599,3,50,1,45,249,293,43729,249,1571
599,3,50,-1,45,249,293,43729,293,1572
762,4,50,1,43,294,336,43729,294,1573
762,4,50,-1,43,294,336,43729,336,1574
778,4,50,1,50,337,386,43729,337,1575
778,4,50,-1,50,337,386,43729,386,1576
779,4,50,1,172,387,558,43729,387,1577
779,4,50,-1,172,387,558,43729,558,1578
845,3,50,1,31,559,589,43729,559,1579
845,3,50,-1,31,559,589,43729,589,1580
1018,3,50,1,34,590,623,43729,590,1581
1018,3,50,-1,34,590,623,43729,623,1582
80,4,51,1,31,1,31,44352,1,1583
80,4,51,-1,31,1,31,44352,31,1584
107,3,51,1,9,32,40,44352,32,1585
107,3,51,-1,9,32,40,44352,40,1586
153,4,51,1,12,41,52,44352,41,1587
153,4,51,-1,12,41,52,44352,52,1588
385,2,51,1,12,53,64,44352,53,1589
385,2,51,-1,12,53,64,44352,64,1590
408,4,51,1,80,65,144,44352,65,1591
408,4,51,-1,80,65,144,44352,144,1592
431,2,51,1,21,145,165,44352,145,1593
431,2,51,-1,21,145,165,44352,165,1594
448,4,51,1,49,166,214,44352,166,1595
448,4,51,-1,49,166,214,44352,214,1596
559,2,51,1,81,215,295,44352,215,1597
559,2,51,-1,81,215,295,44352,295,1598
565,4,51,1,36,296,331,44352,296,1599
565,4,51,-1,36,296,331,44352,331,1600
631,4,51,1,109,332,440,44352,332,1601
631,4,51,-1,109,332,440,44352,440,1602
632,4,51,1,187,441,627,44352,441,1603
632,4,51,-1,187,441,627,44352,627,1604
656,3,51,1,58,628,685,44352,628,1605
656,3,51,-1,58,628,685,44352,685,1606
721,3,51,1,16,686,701,44352,686,1607
721,3,51,-1,16,686,701,44352,701,1608
728,3,51,1,99,702,800,44352,702,1609
728,3,51,-1,99,702,800,44352,800,1610
756,4,51,1,156,801,956,44352,801,1611
756,4,51,-1,156,801,956,44352,956,1612
811,2,51,1,21,957,977,44352,957,1613
811,2,51,-1,21,957,977,44352,977,1614
974,2,51,1,7,978,984,44352,978,1615
974,2,51,-1,7,978,984,44352,984,1616
32,4,52,1,31,1,31,45336,1,1617
32,4,52,-1,31,1,31,45336,31,1618
73,3,52,1,22,32,53,45336,32,1619
73,3,52,-1,22,32,53,45336,53,1620
97,4,52,1,119,54,172,45336,54,1621
97,4,52,-1,119,54,172,45336,172,1622
175,3,52,1,15,173,187,45336,173,1623
175,3,52,-1,15,173,187,45336,187,1624
183,4,52,1,95,188,282,45336,188,1625
183,4,52,-1,95,188,282,45336,282,1626
184,3,52,1,13,283,295,45336,283,1627
184,3,52,-1,13,283,295,45336,295,1628
219,3,52,1,37,296,332,45336,296,1629
219,3,52,-1,37,296,332,45336,332,1630
231,4,52,1,11,333,343,45336,333,1631
231,4,52,-1,11,333,343,45336,343,1632
240,2,52,1,12,344,355,45336,344,1633
240,2,52,-1,12,344,355,45336,355,1634
350,2,52,1,33,356,388,45336,356,1635
350,2,52,-1,33,356,388,45336,388,1636
423,3,52,1,24,389,412,45336,389,1637
423,3,52,-1,24,389,412,45336,412,1638
498,3,52,1,63,413,475,45336,413,1639
498,3,52,-1,63,413,475,45336,475,1640
741,3,52,1,30,476,505,45336,476,1641
741,3,52,-1,30,476,505,45336,505,1642
946,2,52,1,8,506,513,45336,506,1643
946,2,52,-1,8,506,513,45336,513,1644
954,3,52,1,54,514,567,45336,514,1645
954,3,52,-1,54,514,567,45336,567,1646
964,4,52,1,139,568,706,45336,568,1647
964,4,52,-1,139,568,706,45336,706,1648
40,4,53,1,12,1,12,46042,1,1649
40,4,53,-1,12,1,12,46042,12,1650
141,3,53,1,13,13,25,46042,13,1651
141,3,53,-1,13,13,25,46042,25,1652
166,4,53,1,13,26,38,46042,26,1653
166,4,53,-1,13,26,38,46042,38,1654
324,4,53,1,22,39,60,46042,39,1655
324,4,53,-1,22,39,60,46042,60,1656
467,3,53,1,33,61,93,46042,61,1657
467,3,53,-1,33,61,93,46042,93,1658
513,2,53,1,23,94,116,46042,94,1659
513,2,53,-1,23,94,116,46042,116,1660
520,3,53,1,31,117,147,46042,117,1661
520,3,53,-1,31,117,147,46042,147,1662
625,4,53,1,38,148,185,46042,148,1663
625,4,53,-1,38,148,185,46042,185,1664
659,3,53,1,64,186,249,46042,186,1665
659,3,53,-1,64,186,249,46042,249,1666
703,3,53,1,32,250,281,46042,250,1667
703,3,53,-1,32,250,281,46042,281,1668
767,4,53,1,176,282,457,46042,282,1669
767,4,53,-1,176,282,457,46042,457,1670
794,3,53,1,96,458,553,46042,458,1671
794,3,53,-1,96,458,553,46042,553,1672
820,4,53,1,172,554,725,46042,554,1673
820,4,53,-1,172,554,725,46042,725,1674
865,4,53,1,289,726,1014,46042,726,1675
865,4,53,-1,289,726,1014,46042,1014,1676
987,3,53,1,154,1015,1168,46042,1015,1677
987,3,53,-1,154,1015,1168,46042,1168,1678
1017,4,53,1,39,1169,1207,46042,1169,1679
1017,4,53,-1,39,1169,1207,46042,1207,1680
21,4,54,1,40,1,40,47249,1,1681
21,4,54,-1,40,1,40,47249,40,1682
39,3,54,1,11,41,51,47249,41,1683
39,3,54,-1,11,41,51,47249,51,1684
101,4,54,1,60,52,111,47249,52,1685
101,4,54,-1,60,52,111,47249,111,1686
366,4,54,1,68,112,179,47249,112,1687
366,4,54,-1,68,112,179,47249,179,1688
379,3,54,1,28,180,207,47249,180,1689
379,3,54,-1,28,180,207,47249,207,1690
410,2,54,1,11,208,218,47249,208,1691
410,2,54,-1,11,208,218,47249,218,1692
476,4,54,1,138,219,356,47249,219,1693
476,4,54,-1,138,219,356,47249,356,1694
645,2,54,1,61,357,417,47249,357,1695
645,2,54,-1,61,357,417,47249,417,1696
663,4,54,1,54,418,471,47249,418,1697
663,4,54,-1,54,418,471,47249,471,1698
711,4,54,1,40,472,511,47249,472,1699
711,4,54,-1,40,472,511,47249,511,1700
750,3,54,1,23,512,534,47249,512,1701
750,3,54,-1,23,512,534,47249,534,1702
813,4,54,1,186,535,720,47249,535,1703
813,4,54,-1,186,535,720,47249,720,1704
889,3,54,1,44,721,764,47249,721,1705
889,3,54,-1,44,721,764,47249,764,1706
894,4,54,1,27,765,791,47249,765,1707
894,4,54,-1,27,765,791,47249,791,1708
955,3,54,1,45,792,836,47249,792,1709
955,3,54,-1,45,792,836,47249,836,1710
975,4,54,1,277,837,1113,47249,837,1711
975,4,54,-1,277,837,1113,47249,1113,1712
979,4,54,1,335,1114,1448,47249,1114,1713
979,4,54,-1,335,1114,1448,47249,1448,1714
1019,4,54,1,71,1449,1519,47249,1449,1715
1019,4,54,-1,71,1449,1519,47249,1519,1716
3,4,55,1,8,1,8,48768,1,1717
3,4,55,-1,8,1,8,48768,8,1718
22,2,55,1,27,9,35,48768,9,1719
22,2,55,-1,27,9,35,48768,35,1720
27,4,55,1,67,36,102,48768,36,1721
27,4,55,-1,67,36,102,48768,102,1722
56,2,55,1,7,103,109,48768,103,1723
56,2,55,-1,7,103,109,48768,109,1724
72,4,55,1,43,110,152,48768,110,1725
72,4,55,-1,43,110,152,48768,152,1726
119,3,55,1,34,153,186,48768,153,1727
119,3,55,-1,34,153,186,48768,186,1728
305,4,55,1,16,187,202,48768,187,1729
305,4,55,-1,16,187,202,48768,202,1730
362,3,55,1,35,203,237,48768,203,1731
362,3,55,-1,35,203,237,48768,237,1732
364,3,55,1,27,238,264,48768,238,1733
364,3,55,-1,27,238,264,48768,264,1734
396,3,55,1,49,265,313,48768,265,1735
396,3,55,-1,49,265,313,48768,313,1736
491,4,55,1,17,314,330,48768,314,1737
491,4,55,-1,17,314,330,48768,330,1738
492,3,55,1,39,331,369,48768,331,1739
492,3,55,-1,39,331,369,48768,369,1740
634,3,55,1,56,370,425,48768,370,1741
634,3,55,-1,56,370,425,48768,425,1742
716,3,55,1,35,426,460,48768,426,1743
716,3,55,-1,35,426,460,48768,460,1744
724,4,55,1,37,461,497,48768,461,1745
724,4,55,-1,37,461,497,48768,497,1746
769,4,55,1,99,498,596,48768,498,1747
769,4,55,-1,99,498,596,48768,596,1748
785,3,55,1,78,597,674,48768,597,1749
785,3,55,-1,78,597,674,48768,674,1750
803,3,55,1,50,675,724,48768,675,1751
803,3,55,-1,50,675,724,48768,724,1752
843,4,55,1,166,725,890,48768,725,1753
843,4,55,-1,166,725,890,48768,890,1754
844,4,55,1,126,891,1016,48768,891,1755
844,4,55,-1,126,891,1016,48768,1016,1756
879,4,55,1,160,1017,1176,48768,1017,1757
879,4,55,-1,160,1017,1176,48768,1176,1758
887,4,55,1,215,1177,1391,48768,1177,1759
887,4,55,-1,215,1177,1391,48768,1391,1760
977,3,55,1,17,1392,1408,48768,1392,1761
977,3,55,-1,17,1392,1408,48768,1408,1762
980,4,55,1,73,1409,1481,48768,1409,1763
980,4,55,-1,73,1409,1481,48768,1481,1764
94,4,56,1,5,1,5,50249,1,1765
94,4,56,-1,5,1,5,50249,5,1766
161,4,56,1,9,6,14,50249,6,1767
161,4,56,-1,9,6,14,50249,14,1768
174,4,56,1,20,15,34,50249,15,1769
174,4,56,-1,20,15,34,50249,34,1770
260,3,56,1,25,35,59,50249,35,1771
260,3,56,-1,25,35,59,50249,59,1772
420,4,56,1,34,60,93,50249,60,1773
420,4,56,-1,34,60,93,50249,93,1774
447,2,56,1,16,94,109,50249,94,1775
447,2,56,-1,16,94,109,50249,109,1776
468,3,56,1,24,110,133,50249,110,1777
468,3,56,-1,24,110,133,50249,133,1778
483,4,56,1,49,134,182,50249,134,1779
483,4,56,-1,49,134,182,50249,182,1780
744,4,56,1,94,183,276,50249,183,1781
744,4,56,-1,94,183,276,50249,276,1782
753,4,56,1,65,277,341,50249,277,1783
753,4,56,-1,65,277,341,50249,341,1784
826,2,56,1,41,342,382,50249,342,1785
826,2,56,-1,41,342,382,50249,382,1786
847,2,56,1,26,383,408,50249,383,1787
847,2,56,-1,26,383,408,50249,408,1788
900,4,56,1,136,409,544,50249,409,1789
900,4,56,-1,136,409,544,50249,544,1790
960,3,56,1,53,545,597,50249,545,1791
960,3,56,-1,53,545,597,50249,597,1792
28,3,57,1,27,1,27,50846,1,1793
28,3,57,-1,27,1,27,50846,27,1794
87,4,57,1,173,28,200,50846,28,1795
87,4,57,-1,173,28,200,50846,200,1796
326,4,57,1,1,201,201,50846,201,1797
326,4,57,-1,1,201,201,50846,201,1798
394,3,57,1,35,202,236,50846,202,1799
394,3,57,-1,35,202,236,50846,236,1800
439,4,57,1,168,237,404,50846,237,1801
439,4,57,-1,168,237,404,50846,404,1802
489,4,57,1,99,405,503,50846,405,1803
489,4,57,-1,99,405,503,50846,503,1804
490,3,57,1,33,504,536,50846,504,1805
490,3,57,-1,33,504,536,50846,536,1806
507,4,57,1,37,537,573,50846,537,1807
507,4,57,-1,37,537,573,50846,573,1808
523,4,57,1,154,574,727,50846,574,1809
523,4,57,-1,154,574,727,50846,727,1810
567,4,57,1,25,728,752,50846,728,1811
567,4,57,-1,25,728,752,50846,752,1812
572,2,57,1,24,753,776,50846,753,1813
572,2,57,-1,24,753,776,50846,776,1814
575,3,57,1,16,777,792,50846,777,1815
575,3,57,-1,16,777,792,50846,792,1816
588,2,57,1,11,793,803,50846,793,1817
588,2,57,-1,11,793,803,50846,803,1818
589,4,57,1,63,804,866,50846,804,1819
589,4,57,-1,63,804,866,50846,866,1820
649,4,57,1,72,867,938,50846,867,1821
649,4,57,-1,72,867,938,50846,938,1822
698,4,57,1,5,939,943,50846,939,1823
698,4,57,-1,5,939,943,50846,943,1824
725,4,57,1,178,944,1121,50846,944,1825
725,4,57,-1,178,944,1121,50846,1121,1826
736,4,57,1,116,1122,1237,50846,1122,1827
736,4,57,-1,116,1122,1237,50846,1237,1828
805,4,57,1,83,1238,1320,50846,1238,1829
805,4,57,-1,83,1238,1320,50846,1320,1830
815,4,57,1,135,1321,1455,50846,1321,1831
815,4,57,-1,135,1321,1455,50846,1455,1832
881,3,57,1,26,1456,1481,50846,1456,1833
881,3,57,-1,26,1456,1481,50846,1481,1834
899,4,57,1,175,1482,1656,50846,1482,1835
899,4,57,-1,175,1482,1656,50846,1656,1836
105,4,58,1,9,1,9,52502,1,1837
105,4,58,-1,9,1,9,52502,9,1838
201,3,58,1,10,10,19,52502,10,1839
201,3,58,-1,10,10,19,52502,19,1840
251,4,58,1,31,20,50,52502,20,1841
251,4,58,-1,31,20,50,52502,50,1842
358,2,58,1,6,51,56,52502,51,1843
358,2,58,-1,6,51,56,52502,56,1844
480,4,58,1,115,57,171,52502,57,1845
480,4,58,-1,115,57,171,52502,171,1846
530,3,58,1,22,172,193,52502,172,1847
530,3,58,-1,22,172,193,52502,193,1848
558,2,58,1,18,194,211,52502,194,1849
558,2,58,-1,18,194,211,52502,211,1850
571,4,58,1,73,212,284,52502,212,1851
571,4,58,-1,73,212,284,52502,284,1852
702,4,58,1,119,285,403,52502,285,1853
702,4,58,-1,119,285,403,52502,403,1854
758,4,58,1,177,404,580,52502,404,1855
758,4,58,-1,177,404,580,52502,580,1856
914,2,58,1,39,581,619,52502,581,1857
914,2,58,-1,39,581,619,52502,619,1858
1011,3,58,1,158,620,777,52502,620,1859
1011,3,58,-1,158,620,777,52502,777,1860
103,4,59,1,54,1,54,53279,1,1861
103,4,59,-1,54,1,54,53279,54,1862
238,2,59,1,4,55,58,53279,55,1863
238,2,59,-1,4,55,58,53279,58,1864
275,4,59,1,18,59,76,53279,59,1865
275,4,59,-1,18,59,76,53279,76,1866
401,3,59,1,22,77,98,53279,77,1867
401,3,59,-1,22,77,98,53279,98,1868
405,4,59,1,41,99,139,53279,99,1869
405,4,59,-1,41,99,139,53279,139,1870
414,4,59,1,24,140,163,53279,140,1871
414,4,59,-1,24,140,163,53279,163,1872
424,4,59,1,30,164,193,53279,164,1873
424,4,59,-1,30,164,193,53279,193,1874
438,4,59,1,131,194,324,53279,194,1875
438,4,59,-1,131,194,324,53279,324,1876
440,4,59,1,187,325,511,53279,325,1877
440,4,59,-1,187,325,511,53279,511,1878
517,4,59,1,228,512,739,53279,512,1879
517,4,59,-1,228,512,739,53279,739,1880
552,4,59,1,27,740,766,53279,740,1881
552,4,59,-1,27,740,766,53279,766,1882
562,3,59,1,33,767,799,53279,767,1883
562,3,59,-1,33,767,799,53279,799,1884
660,4,59,1,108,800,907,53279,800,1885
660,4,59,-1,108,800,907,53279,907,1886
684,4,59,1,281,908,1188,53279,908,1887
684,4,59,-1,281,908,1188,53279,1188,1888
754,3,59,1,66,1189,1254,53279,1189,1889
754,3,59,-1,66,1189,1254,53279,1254,1890
809,2,59,1,27,1255,1281,53279,1255,1891
809,2,59,-1,27,1255,1281,53279,1281,1892
829,4,59,1,277,1282,1558,53279,1282,1893
829,4,59,-1,277,1282,1558,53279,1558,1894
860,4,59,1,164,1559,1722,53279,1559,1895
860,4,59,-1,164,1559,1722,53279,1722,1896
63,3,60,1,7,1,7,55001,1,1897
63,3,60,-1,7,1,7,55001,7,1898
151,3,60,1,36,8,43,55001,8,1899
151,3,60,-1,36,8,43,55001,43,1900
221,4,60,1,53,44,96,55001,44,1901
221,4,60,-1,53,44,96,55001,96,1902
270,3,60,1,98,97,194,55001,97,1903
270,3,60,-1,98,97,194,55001,194,1904
347,4,60,1,66,195,260,55001,195,1905
347,4,60,-1,66,195,260,55001,260,1906
351,4,60,1,55,261,315,55001,261,1907
351,4,60,-1,55,261,315,55001,315,1908
592,3,60,1,77,316,392,55001,316,1909
592,3,60,-1,77,316,392,55001,392,1910
609,4,60,1,273,393,665,55001,393,1911
609,4,60,-1,273,393,665,55001,665,1912
653,4,60,1,73,666,738,55001,666,1913
653,4,60,-1,73,666,738,55001,738,1914
730,4,60,1,79,739,817,55001,739,1915
730,4,60,-1,79,739,817,55001,817,1916
797,4,60,1,93,818,910,55001,818,1917
797,4,60,-1,93,818,910,55001,910,1918
891,4,60,1,186,911,1096,55001,911,1919
891,4,60,-1,186,911,1096,55001,1096,1920
903,3,60,1,99,1097,1195,55001,1097,1921
903,3,60,-1,99,1097,1195,55001,1195,1922
1010,3,60,1,83,1196,1278,55001,1196,1923
1010,3,60,-1,83,1196,1278,55001,1278,1924
48,4,61,1,173,1,173,56279,1,1925
48,4,61,-1,173,1,173,56279,173,1926
62,4,61,1,144,174,317,56279,174,1927
62,4,61,-1,144,174,317,56279,317,1928
84,4,61,1,42,318,359,56279,318,1929
84,4,61,-1,42,318,359,56279,359,1930
122,4,61,1,22,360,381,56279,360,1931
122,4,61,-1,22,360,381,56279,381,1932
250,4,61,1,2,382,383,56279,382,1933
250,4,61,-1,2,382,383,56279,383,1934
252,3,61,1,5,384,388,56279,384,1935
252,3,61,-1,5,384,388,56279,388,1936
539,4,61,1,178,389,566,56279,389,1937
539,4,61,-1,178,389,566,56279,566,1938
561,3,61,1,40,567,606,56279,567,1939
561,3,61,-1,40,567,606,56279,606,1940
564,3,61,1,24,607,630,56279,607,1941
564,3,61,-1,24,607,630,56279,630,1942
600,3,61,1,39,631,669,56279,631,1943
600,3,61,-1,39,631,669,56279,669,1944
638,4,61,1,16,670,685,56279,670,1945
638,4,61,-1,16,670,685,56279,685,1946
673,3,61,1,26,686,711,56279,686,1947
673,3,61,-1,26,686,711,56279,711,1948
683,4,61,1,101,712,812,56279,712,1949
683,4,61,-1,101,712,812,56279,812,1950
806,4,61,1,116,813,928,56279,813,1951
806,4,61,-1,116,813,928,56279,928,1952
808,4,61,1,60,929,988,56279,929,1953
808,4,61,-1,60,929,988,56279,988,1954
986,4,61,1,135,989,1123,56279,989,1955
986,4,61,-1,135,989,1123,56279,1123,1956
991,3,61,1,59,1124,1182,56279,1124,1957
991,3,61,-1,59,1124,1182,56279,1182,1958
1001,4,61,1,174,1183,1356,56279,1183,1959
1001,4,61,-1,174,1183,1356,56279,1356,1960
4,3,62,1,24,1,24,57635,1,1961
4,3,62,-1,24,1,24,57635,24,1962
29,2,62,1,2,25,26,57635,25,1963
29,2,62,-1,2,25,26,57635,26,1964
42,4,62,1,8,27,34,57635,27,1965
42,4,62,-1,8,27,34,57635,34,1966
70,4,62,1,1,35,35,57635,35,1967
70,4,62,-1,1,35,35,57635,35,1968
134,4,62,1,15,36,50,57635,36,1969
134,4,62,-1,15,36,50,57635,50,1970
181,4,62,1,16,51,66,57635,51,1971
181,4,62,-1,16,51,66,57635,66,1972
284,4,62,1,65,67,131,57635,67,1973
284,4,62,-1,65,67,131,57635,131,1974
356,3,62,1,70,132,201,57635,132,1975
356,3,62,-1,70,132,201,57635,201,1976
425,3,62,1,8,202,209,57635,202,1977
425,3,62,-1,8,202,209,57635,209,1978
506,3,62,1,31,210,240,57635,210,1979
506,3,62,-1,31,210,240,57635,240,1980
521,3,62,1,16,241,256,57635,241,1981
521,3,62,-1,16,241,256,57635,256,1982
606,2,62,1,34,257,290,57635,257,1983
606,2,62,-1,34,257,290,57635,290,1984
658,3,62,1,44,291,334,57635,291,1985
658,3,62,-1,44,291,334,57635,334,1986
690,4,62,1,77,335,411,57635,335,1987
690,4,62,-1,77,335,411,57635,411,1988
743,3,62,1,49,412,460,57635,412,1989
743,3,62,-1,49,412,460,57635,460,1990
789,4,62,1,87,461,547,57635,461,1991
789,4,62,-1,87,461,547,57635,547,1992
861,4,62,1,320,548,867,57635,548,1993
861,4,62,-1,320,548,867,57635,867,1994
205,3,63,1,1,1,1,58502,1,1995
205,3,63,-1,1,1,1,58502,1,1996
301,4,63,1,48,2,49,58502,2,1997
301,4,63,-1,48,2,49,58502,49,1998
309,4,63,1,33,50,82,58502,50,1999
309,4,63,-1,33,50,82,58502,82,2000
327,2,63,1,6,83,88,58502,83,2001
327,2,63,-1,6,83,88,58502,88,2002
496,2,63,1,22,89,110,58502,89,2003
496,2,63,-1,22,89,110,58502,110,2004
537,3,63,1,15,111,125,58502,111,2005
537,3,63,-1,15,111,125,58502,125,2006
541,4,63,1,78,126,203,58502,126,2007
541,4,63,-1,78,126,203,58502,203,2008
585,4,63,1,75,204,278,58502,204,2009
585,4,63,-1,75,204,278,58502,278,2010
752,4,63,1,55,279,333,58502,279,2011
752,4,63,-1,55,279,333,58502,333,2012
10,2,64,1,9,1,9,58835,1,2013
10,2,64,-1,9,1,9,58835,9,2014
26,3,64,1,10,10,19,58835,10,2015
26,3,64,-1,10,10,19,58835,19,2016
59,4,64,1,8,20,27,58835,20,2017
59,4,64,-1,8,20,27,58835,27,2018
278,3,64,1,20,28,47,58835,28,2019
278,3,64,-1,20,28,47,58835,47,2020
338,4,64,1,51,48,98,58835,48,2021
338,4,64,-1,51,48,98,58835,98,2022
340,3,64,1,5,99,103,58835,99,2023
340,3,64,-1,5,99,103,58835,103,2024
434,3,64,1,56,104,159,58835,104,2025
434,3,64,-1,56,104,159,58835,159,2026
449,3,64,1,31,160,190,58835,160,2027
449,3,64,-1,31,160,190,58835,190,2028
469,4,64,1,45,191,235,58835,191,2029
469,4,64,-1,45,191,235,58835,235,2030
568,2,64,1,43,236,278,58835,236,2031
568,2,64,-1,43,236,278,58835,278,2032
640,3,64,1,24,279,302,58835,279,2033
640,3,64,-1,24,279,302,58835,302,2034
771,4,64,1,102,303,404,58835,303,2035
771,4,64,-1,102,303,404,58835,404,2036
782,2,64,1,63,405,467,58835,405,2037
782,2,64,-1,63,405,467,58835,467,2038
816,2,64,1,30,468,497,58835,468,2039
816,2,64,-1,30,468,497,58835,497,2040
862,4,64,1,168,498,665,58835,498,2041
862,4,64,-1,168,498,665,58835,665,2042
890,3,64,1,75,666,740,58835,666,2043
890,3,64,-1,75,666,740,58835,740,2044
938,2,64,1,56,741,796,58835,741,2045
938,2,64,-1,56,741,796,58835,796,2046
951,2,64,1,14,797,810,58835,797,2047
951,2,64,-1,14,797,810,58835,810,2048
